Workbook

Sheet P.1
A1: 지표침하계 DATA | H1: ST-1
A3: ■ 계측관리업체(Contract) : ㈜지오테크이앤씨
A4: ■ 현장명(Site) : 용산구 한남동 383일대 근린생활시설 신축공사
A5: ■ 계측기번호(NO.) : ST-1
A6: ■ 계기측종류(Type) : SURFACE SETTLEMENT PIN
A7: ■ 공식(Formula) : 측정치 = 기준값 + 후시(B.S) - 전시(F.S) ※ 변위차 = 금회측정치 - 초기측정치
A10: 날짜 | B10: 기준값 | C10: 후시(B.S) | D10: 전시(F.S) | E10: 측정치 | F10: 변위차 | G10: 비 고 | H10: CM 환산
B11: (M) | C11: (M) | D11: (M) | E11: (M) | F11: (M) | H11: 그래프용
A12: 2025.10.30 | B12: 0 | C12: 0.39 | D12: 0.054 | E12: =B12+C12-D12 -> 0.336 | F12: =E12-$E$12 -> 0 | G12: 초 기 치 | H12: =F12*1000 -> 0
A13: 2025.11.03 | B13: 0 | C13: 0.413 | D13: 0.079 | E13: =B13+C13-D13 -> 0.334 | F13: =E13-$E$12 -> -0.002 | H13: =F13*1000 -> -2
A14: 2025.11.06 | B14: 0 | C14: 0.425 | D14: 0.091 | E14: =B14+C14-D14 -> 0.334 | F14: =E14-$E$12 -> -0.002 | H14: =F14*1000 -> -2
A15: 2025.11.10 | B15: 0 | C15: 0.401 | D15: 0.066 | E15: =B15+C15-D15 -> 0.335 | F15: =E15-$E$12 -> -0.001 | H15: =F15*1000 -> -1
A16: 2025.11.13 | B16: 0 | C16: 0.398 | D16: 0.063 | E16: =B16+C16-D16 -> 0.335 | F16: =E16-$E$12 -> -0.001 | H16: =F16*1000 -> -1
A17: 2025.11.17 | B17: 0 | C17: 0.43 | D17: 0.096 | E17: =B17+C17-D17 -> 0.334 | F17: =E17-$E$12 -> -0.002 | H17: =F17*1000 -> -2
A18: 2025.11.20 | B18: 0 | C18: 0.409 | D18: 0.074 | E18: =B18+C18-D18 -> 0.335 | F18: =E18-$E$12 -> -0.001 | H18: =F18*1000 -> -1
A19: 2025.11.24 | B19: 0 | C19: 0.422 | D19: 0.087 | E19: =B19+C19-D19 -> 0.335 | F19: =E19-$E$12 -> -0.001 | H19: =F19*1000 -> -1
A20: 2025.11.27 | B20: 0 | C20: 0.415 | D20: 0.081 | E20: =B20+C20-D20 -> 0.334 | F20: =E20-$E$12 -> -0.002 | H20: =F20*1000 -> -2
A21: 2025.12.01 | B21: 0 | C21: 0.407 | D21: 0.074 | E21: =B21+C21-D21 -> 0.333 | F21: =E21-$E$12 -> -0.003 | H21: =F21*1000 -> -3
A22: 2025.12.04 | B22: 0 | C22: 0.425 | D22: 0.092 | E22: =B22+C22-D22 -> 0.333 | F22: =E22-$E$12 -> -0.003 | H22: =F22*1000 -> -3

Sheet P.2
A1: 지표침하계 DATA | H1: ST-2
A3: ■ 계측관리업체(Contract) : ㈜지오테크이앤씨
A4: =P.1!$A$4 -> ■ 현장명(Site) : 용산구 한남동 383일대 근린생활시설 신축공사
A5: ■ 계측기번호(NO.) : ST-2
A6: ■ 계기측종류(Type) : SURFACE SETTLEMENT PIN
A7: ■ 공식(Formula) : 측정치 = 기준값 + 후시(B.S) - 전시(F.S) ※ 변위차 = 금회측정치 - 초기측정치
A10: 날짜 | B10: 기준값 | C10: 후시(B.S) | D10: 전시(F.S) | E10: 측정치 | F10: 변위차 | G10: 비 고 | H10: CM 환산
B11: (M) | C11: (M) | D11: (M) | E11: (M) | F11: (M) | H11: 그래프용
A12: =P.1!A12 -> 2025.10.30 | B12: 0 | C12: 0.39 | D12: 0.095 | E12: =B12+C12-D12 -> 0.295 | F12: =E12-$E$12 -> 0 | G12: 초 기 치 | H12: =F12*1000 -> 0
A13: =P.1!A13 -> 2025.11.03 | B13: 0 | C13: 0.413 | D13: 0.12 | E13: =B13+C13-D13 -> 0.293 | F13: =E13-$E$12 -> -0.002 | H13: =F13*1000 -> -2
A14: 2025.11.06 | B14: 0 | C14: 0.425 | D14: 0.131 | E14: =B14+C14-D14 -> 0.294 | F14: =E14-$E$12 -> -0.001 | H14: =F14*1000 -> -1
A15: 2025.11.10 | B15: 0 | C15: 0.401 | D15: 0.109 | E15: =B15+C15-D15 -> 0.292 | F15: =E15-$E$12 -> -0.003 | H15: =F15*1000 -> -3
A16: 2025.11.13 | B16: 0 | C16: 0.398 | D16: 0.105 | E16: =B16+C16-D16 -> 0.293 | F16: =E16-$E$12 -> -0.002 | H16: =F16*1000 -> -2
A17: 2025.11.17 | B17: 0 | C17: 0.43 | D17: 0.138 | E17: =B17+C17-D17 -> 0.292 | F17: =E17-$E$12 -> -0.003 | H17: =F17*1000 -> -3
A18: 2025.11.20 | B18: 0 | C18: 0.409 | D18: 0.116 | E18: =B18+C18-D18 -> 0.293 | F18: =E18-$E$12 -> -0.002 | H18: =F18*1000 -> -2
A19: 2025.11.24 | B19: 0 | C19: 0.422 | D19: 0.129 | E19: =B19+C19-D19 -> 0.293 | F19: =E19-$E$12 -> -0.002 | H19: =F19*1000 -> -2
A20: 2025.11.27 | B20: 0 | C20: 0.415 | D20: 0.121 | E20: =B20+C20-D20 -> 0.294 | F20: =E20-$E$12 -> -0.001 | H20: =F20*1000 -> -1
A21: 2025.12.01 | B21: 0 | C21: 0.407 | D21: 0.113 | E21: =B21+C21-D21 -> 0.294 | F21: =E21-$E$12 -> -0.001 | H21: =F21*1000 -> -1
A22: 2025.12.04 | B22: 0 | C22: 0.425 | D22: 0.133 | E22: =B22+C22-D22 -> 0.292 | F22: =E22-$E$12 -> -0.003 | H22: =F22*1000 -> -3

Sheet P.3
A1: 지표침하계 DATA | H1: ST-3
A3: ■ 계측관리업체(Contract) : ㈜지오테크이앤씨
A4: =P.1!$A$4 -> ■ 현장명(Site) : 용산구 한남동 383일대 근린생활시설 신축공사
A5: ■ 계측기번호(NO.) : ST-3
A6: ■ 계기측종류(Type) : SURFACE SETTLEMENT PIN
A7: ■ 공식(Formula) : 측정치 = 기준값 + 후시(B.S) - 전시(F.S) ※ 변위차 = 금회측정치 - 초기측정치
A10: 날짜 | B10: 기준값 | C10: 후시(B.S) | D10: 전시(F.S) | E10: 측정치 | F10: 변위차 | G10: 비 고 | H10: CM 환산
B11: (M) | C11: (M) | D11: (M) | E11: (M) | F11: (M) | H11: 그래프용
A12: =P.1!A12 -> 2025.10.30 | B12: 0 | C12: 0.39 | D12: 0.08 | E12: =B12+C12-D12 -> 0.31 | F12: =E12-$E$12 -> 0 | G12: 초 기 치 | H12: =F12*1000 -> 0
A13: =P.1!A13 -> 2025.11.03 | B13: 0 | C13: 0.413 | D13: 0.104 | E13: =B13+C13-D13 -> 0.309 | F13: =E13-$E$12 -> -0.001 | H13: =F13*1000 -> -1
A14: 2025.11.06 | B14: 0 | C14: 0.425 | D14: 0.117 | E14: =B14+C14-D14 -> 0.308 | F14: =E14-$E$12 -> -0.002 | H14: =F14*1000 -> -2
A15: 2025.11.10 | B15: 0 | C15: 0.401 | D15: 0.092 | E15: =B15+C15-D15 -> 0.309 | F15: =E15-$E$12 -> -0.001 | H15: =F15*1000 -> -1
A16: 2025.11.13 | B16: 0 | C16: 0.398 | D16: 0.089 | E16: =B16+C16-D16 -> 0.309 | F16: =E16-$E$12 -> -0.001 | H16: =F16*1000 -> -1
A17: 2025.11.17 | B17: 0 | C17: 0.43 | D17: 0.123 | E17: =B17+C17-D17 -> 0.307 | F17: =E17-$E$12 -> -0.003 | H17: =F17*1000 -> -3
A18: 2025.11.20 | B18: 0 | C18: 0.409 | D18: 0.101 | E18: =B18+C18-D18 -> 0.308 | F18: =E18-$E$12 -> -0.002 | H18: =F18*1000 -> -2
A19: 2025.11.24 | B19: 0 | C19: 0.422 | D19: 0.115 | E19: =B19+C19-D19 -> 0.307 | F19: =E19-$E$12 -> -0.003 | H19: =F19*1000 -> -3
A20: 2025.11.27 | B20: 0 | C20: 0.415 | D20: 0.106 | E20: =B20+C20-D20 -> 0.309 | F20: =E20-$E$12 -> -0.001 | H20: =F20*1000 -> -1
A21: 2025.12.01 | B21: 0 | C21: 0.407 | D21: 0.099 | E21: =B21+C21-D21 -> 0.308 | F21: =E21-$E$12 -> -0.002 | H21: =F21*1000 -> -2
A22: 2025.12.04 | B22: 0 | C22: 0.425 | D22: 0.116 | E22: =B22+C22-D22 -> 0.309 | F22: =E22-$E$12 -> -0.001 | H22: =F22*1000 -> -1

Sheet P.4
A1: 지표침하계 DATA | H1: ST-4
A3: ■ 계측관리업체(Contract) : ㈜지오테크이앤씨
A4: =P.1!$A$4 -> ■ 현장명(Site) : 용산구 한남동 383일대 근린생활시설 신축공사
A5: ■ 계측기번호(NO.) : ST-4
A6: ■ 계기측종류(Type) : SURFACE SETTLEMENT PIN
A7: ■ 공식(Formula) : 측정치 = 기준값 + 후시(B.S) - 전시(F.S) ※ 변위차 = 금회측정치 - 초기측정치
A10: 날짜 | B10: 기준값 | C10: 후시(B.S) | D10: 전시(F.S) | E10: 측정치 | F10: 변위차 | G10: 비 고 | H10: CM 환산
B11: (M) | C11: (M) | D11: (M) | E11: (M) | F11: (M) | H11: 그래프용
A12: =P.1!A12 -> 2025.10.30 | B12: 0 | C12: 0.39 | D12: 2.008 | E12: =B12+C12-D12 -> -1.618 | F12: =E12-$E$12 -> 0 | G12: 초 기 치 | H12: =F12*1000 -> 0
A13: =P.1!A13 -> 2025.11.03 | B13: 0 | C13: 0.413 | D13: 2.032 | E13: =B13+C13-D13 -> -1.619 | F13: =E13-$E$12 -> -0.001 | H13: =F13*1000 -> -1
A14: 2025.11.06 | B14: 0 | C14: 0.425 | D14: 2.044 | E14: =B14+C14-D14 -> -1.619 | F14: =E14-$E$12 -> -0.001 | H14: =F14*1000 -> -1
A15: 2025.11.10 | B15: 0 | C15: 0.401 | D15: 2.022 | E15: =B15+C15-D15 -> -1.621 | F15: =E15-$E$12 -> -0.003 | H15: =F15*1000 -> -3
A16: 2025.11.13 | B16: 0 | C16: 0.398 | D16: 2.017 | E16: =B16+C16-D16 -> -1.619 | F16: =E16-$E$12 -> -0.001 | H16: =F16*1000 -> -1
A17: 2025.11.17 | B17: 0 | C17: 0.43 | D17: 2.05 | E17: =B17+C17-D17 -> -1.62 | F17: =E17-$E$12 -> -0.002 | H17: =F17*1000 -> -2
A18: 2025.11.20 | B18: 0 | C18: 0.409 | D18: 2.03 | E18: =B18+C18-D18 -> -1.621 | F18: =E18-$E$12 -> -0.003 | H18: =F18*1000 -> -3
A19: 2025.11.24 | B19: 0 | C19: 0.422 | D19: 2.042 | E19: =B19+C19-D19 -> -1.62 | F19: =E19-$E$12 -> -0.002 | H19: =F19*1000 -> -2
A20: 2025.11.27 | B20: 0 | C20: 0.415 | D20: 2.035 | E20: =B20+C20-D20 -> -1.62 | F20: =E20-$E$12 -> -0.002 | H20: =F20*1000 -> -2
A21: 2025.12.01 | B21: 0 | C21: 0.407 | D21: 2.026 | E21: =B21+C21-D21 -> -1.619 | F21: =E21-$E$12 -> -0.001 | H21: =F21*1000 -> -1
A22: 2025.12.04 | B22: 0 | C22: 0.425 | D22: 2.045 | E22: =B22+C22-D22 -> -1.62 | F22: =E22-$E$12 -> -0.002 | H22: =F22*1000 -> -2

Sheet P.5
A1: 지표침하계 DATA | H1: ST-5
A3: ■ 계측관리업체(Contract) : ㈜지오테크이앤씨
A4: =P.1!$A$4 -> ■ 현장명(Site) : 용산구 한남동 383일대 근린생활시설 신축공사
A5: ■ 계측기번호(NO.) : ST-5
A6: ■ 계기측종류(Type) : SURFACE SETTLEMENT PIN
A7: ■ 공식(Formula) : 측정치 = 기준값 + 후시(B.S) - 전시(F.S) ※ 변위차 = 금회측정치 - 초기측정치
A10: 날짜 | B10: 기준값 | C10: 후시(B.S) | D10: 전시(F.S) | E10: 측정치 | F10: 변위차 | G10: 비 고 | H10: CM 환산
B11: (M) | C11: (M) | D11: (M) | E11: (M) | F11: (M) | H11: 그래프용
A12: =P.1!A12 -> 2025.10.30 | B12: 0 | C12: 0.39 | D12: 1.957 | E12: =B12+C12-D12 -> -1.567 | F12: =E12-$E$12 -> 0 | G12: 초 기 치 | H12: =F12*1000 -> 0
A13: =P.1!A13 -> 2025.11.03 | B13: 0 | C13: 0.413 | D13: 1.982 | E13: =B13+C13-D13 -> -1.569 | F13: =E13-$E$12 -> -0.002 | H13: =F13*1000 -> -2
A14: 2025.11.06 | B14: 0 | C14: 0.425 | D14: 1.995 | E14: =B14+C14-D14 -> -1.57 | F14: =E14-$E$12 -> -0.003 | H14: =F14*1000 -> -3
A15: 2025.11.10 | B15: 0 | C15: 0.401 | D15: 1.969 | E15: =B15+C15-D15 -> -1.568 | F15: =E15-$E$12 -> -0.001 | H15: =F15*1000 -> -1
A16: 2025.11.13 | B16: 0 | C16: 0.398 | D16: 1.967 | E16: =B16+C16-D16 -> -1.569 | F16: =E16-$E$12 -> -0.002 | H16: =F16*1000 -> -2
A17: 2025.11.17 | B17: 0 | C17: 0.43 | D17: 1.999 | E17: =B17+C17-D17 -> -1.569 | F17: =E17-$E$12 -> -0.002 | H17: =F17*1000 -> -2
A18: 2025.11.20 | B18: 0 | C18: 0.409 | D18: 1.977 | E18: =B18+C18-D18 -> -1.568 | F18: =E18-$E$12 -> -0.001 | H18: =F18*1000 -> -1
A19: 2025.11.24 | B19: 0 | C19: 0.422 | D19: 1.99 | E19: =B19+C19-D19 -> -1.568 | F19: =E19-$E$12 -> -0.001 | H19: =F19*1000 -> -1
A20: 2025.11.27 | B20: 0 | C20: 0.415 | D20: 1.984 | E20: =B20+C20-D20 -> -1.569 | F20: =E20-$E$12 -> -0.002 | H20: =F20*1000 -> -2
A21: 2025.12.01 | B21: 0 | C21: 0.407 | D21: 1.977 | E21: =B21+C21-D21 -> -1.57 | F21: =E21-$E$12 -> -0.003 | H21: =F21*1000 -> -3
A22: 2025.12.04 | B22: 0 | C22: 0.425 | D22: 1.995 | E22: =B22+C22-D22 -> -1.57 | F22: =E22-$E$12 -> -0.003 | H22: =F22*1000 -> -3

Sheet P.6
A1: 지표침하계 DATA | H1: ST-6
A3: ■ 계측관리업체(Contract) : ㈜지오테크이앤씨
A4: =P.1!$A$4 -> ■ 현장명(Site) : 용산구 한남동 383일대 근린생활시설 신축공사
A5: ■ 계측기번호(NO.) : ST-6
A6: ■ 계기측종류(Type) : SURFACE SETTLEMENT PIN
A7: ■ 공식(Formula) : 측정치 = 기준값 + 후시(B.S) - 전시(F.S) ※ 변위차 = 금회측정치 - 초기측정치
A10: 날짜 | B10: 기준값 | C10: 후시(B.S) | D10: 전시(F.S) | E10: 측정치 | F10: 변위차 | G10: 비 고 | H10: CM 환산
B11: (M) | C11: (M) | D11: (M) | E11: (M) | F11: (M) | H11: 그래프용
A12: =P.1!A12 -> 2025.10.30 | B12: 0 | C12: 0.39 | D12: 1.854 | E12: =B12+C12-D12 -> -1.464 | F12: =E12-$E$12 -> 0 | G12: 초 기 치 | H12: =F12*1000 -> 0
A13: =P.1!A13 -> 2025.11.03 | B13: 0 | C13: 0.413 | D13: 1.879 | E13: =B13+C13-D13 -> -1.466 | F13: =E13-$E$12 -> -0.002 | H13: =F13*1000 -> -2
A14: 2025.11.06 | B14: 0 | C14: 0.425 | D14: 1.89 | E14: =B14+C14-D14 -> -1.465 | F14: =E14-$E$12 -> -0.001 | H14: =F14*1000 -> -1
A15: 2025.11.10 | B15: 0 | C15: 0.401 | D15: 1.867 | E15: =B15+C15-D15 -> -1.466 | F15: =E15-$E$12 -> -0.002 | H15: =F15*1000 -> -2
A16: 2025.11.13 | B16: 0 | C16: 0.398 | D16: 1.864 | E16: =B16+C16-D16 -> -1.466 | F16: =E16-$E$12 -> -0.002 | H16: =F16*1000 -> -2
A17: 2025.11.17 | B17: 0 | C17: 0.43 | D17: 1.895 | E17: =B17+C17-D17 -> -1.465 | F17: =E17-$E$12 -> -0.001 | H17: =F17*1000 -> -1
A18: 2025.11.20 | B18: 0 | C18: 0.409 | D18: 1.875 | E18: =B18+C18-D18 -> -1.466 | F18: =E18-$E$12 -> -0.002 | H18: =F18*1000 -> -2
A19: 2025.11.24 | B19: 0 | C19: 0.422 | D19: 1.888 | E19: =B19+C19-D19 -> -1.466 | F19: =E19-$E$12 -> -0.002 | H19: =F19*1000 -> -2
A20: 2025.11.27 | B20: 0 | C20: 0.415 | D20: 1.88 | E20: =B20+C20-D20 -> -1.465 | F20: =E20-$E$12 -> -0.001 | H20: =F20*1000 -> -1
A21: 2025.12.01 | B21: 0 | C21: 0.407 | D21: 1.874 | E21: =B21+C21-D21 -> -1.467 | F21: =E21-$E$12 -> -0.003 | H21: =F21*1000 -> -3
A22: 2025.12.04 | B22: 0 | C22: 0.425 | D22: 1.89 | E22: =B22+C22-D22 -> -1.465 | F22: =E22-$E$12 -> -0.001 | H22: =F22*1000 -> -1

Sheet P.7
A1: 지표침하계 DATA | H1: ST-7
A3: ■ 계측관리업체(Contract) : ㈜지오테크이앤씨
A4: =P.1!$A$4 -> ■ 현장명(Site) : 용산구 한남동 383일대 근린생활시설 신축공사
A5: ■ 계측기번호(NO.) : ST-7
A6: ■ 계기측종류(Type) : SURFACE SETTLEMENT PIN
A7: ■ 공식(Formula) : 측정치 = 기준값 + 후시(B.S) - 전시(F.S) ※ 변위차 = 금회측정치 - 초기측정치
A10: 날짜 | B10: 기준값 | C10: 후시(B.S) | D10: 전시(F.S) | E10: 측정치 | F10: 변위차 | G10: 비 고 | H10: CM 환산
B11: (M) | C11: (M) | D11: (M) | E11: (M) | F11: (M) | H11: 그래프용
A12: =P.1!A12 -> 2025.10.30 | B12: 0 | C12: 0.39 | D12: 2.591 | E12: =B12+C12-D12 -> -2.201 | F12: =E12-$E$12 -> 0 | G12: 초 기 치 | H12: =F12*1000 -> 0
A13: =P.1!A13 -> 2025.11.03 | B13: 0 | C13: 0.413 | D13: 2.616 | E13: =B13+C13-D13 -> -2.203 | F13: =E13-$E$12 -> -0.002 | H13: =F13*1000 -> -2
A14: 2025.11.06 | B14: 0 | C14: 0.425 | D14: 2.629 | E14: =B14+C14-D14 -> -2.204 | F14: =E14-$E$12 -> -0.003 | H14: =F14*1000 -> -3
A15: 2025.11.10 | B15: 0 | C15: 0.401 | D15: 2.604 | E15: =B15+C15-D15 -> -2.203 | F15: =E15-$E$12 -> -0.002 | H15: =F15*1000 -> -2
A16: 2025.11.13 | B16: 0 | C16: 0.398 | D16: 2.601 | E16: =B16+C16-D16 -> -2.203 | F16: =E16-$E$12 -> -0.002 | H16: =F16*1000 -> -2
A17: 2025.11.17 | B17: 0 | C17: 0.43 | D17: 2.634 | E17: =B17+C17-D17 -> -2.204 | F17: =E17-$E$12 -> -0.003 | H17: =F17*1000 -> -3
A18: 2025.11.20 | B18: 0 | C18: 0.409 | D18: 2.611 | E18: =B18+C18-D18 -> -2.202 | F18: =E18-$E$12 -> -0.001 | H18: =F18*1000 -> -1
A19: 2025.11.24 | B19: 0 | C19: 0.422 | D19: 2.624 | E19: =B19+C19-D19 -> -2.202 | F19: =E19-$E$12 -> -0.001 | H19: =F19*1000 -> -1
A20: 2025.11.27 | B20: 0 | C20: 0.415 | D20: 2.618 | E20: =B20+C20-D20 -> -2.203 | F20: =E20-$E$12 -> -0.002 | H20: =F20*1000 -> -2
A21: 2025.12.01 | B21: 0 | C21: 0.407 | D21: 2.609 | E21: =B21+C21-D21 -> -2.202 | F21: =E21-$E$12 -> -0.001 | H21: =F21*1000 -> -1
A22: 2025.12.04 | B22: 0 | C22: 0.425 | D22: 2.627 | E22: =B22+C22-D22 -> -2.202 | F22: =E22-$E$12 -> -0.001 | H22: =F22*1000 -> -1

Sheet P.8
A1: 지표침하계 DATA | H1: ST-8
A3: ■ 계측관리업체(Contract) : ㈜지오테크이앤씨
A4: =P.1!$A$4 -> ■ 현장명(Site) : 용산구 한남동 383일대 근린생활시설 신축공사
A5: ■ 계측기번호(NO.) : ST-8
A6: ■ 계기측종류(Type) : SURFACE SETTLEMENT PIN
A7: ■ 공식(Formula) : 측정치 = 기준값 + 후시(B.S) - 전시(F.S) ※ 변위차 = 금회측정치 - 초기측정치
A10: 날짜 | B10: 기준값 | C10: 후시(B.S) | D10: 전시(F.S) | E10: 측정치 | F10: 변위차 | G10: 비 고 | H10: CM 환산
B11: (M) | C11: (M) | D11: (M) | E11: (M) | F11: (M) | H11: 그래프용
A12: =P.1!A12 -> 2025.10.30 | B12: 0 | C12: 0.39 | D12: 2.571 | E12: =B12+C12-D12 -> -2.181 | F12: =E12-$E$12 -> 0 | G12: 초 기 치 | H12: =F12*1000 -> 0
A13: =P.1!A13 -> 2025.11.03 | B13: 0 | C13: 0.413 | D13: 2.595 | E13: =B13+C13-D13 -> -2.182 | F13: =E13-$E$12 -> -0.001 | H13: =F13*1000 -> -1
A14: 2025.11.06 | B14: 0 | C14: 0.425 | D14: 2.609 | E14: =B14+C14-D14 -> -2.184 | F14: =E14-$E$12 -> -0.003 | H14: =F14*1000 -> -3
A15: 2025.11.10 | B15: 0 | C15: 0.401 | D15: 2.584 | E15: =B15+C15-D15 -> -2.183 | F15: =E15-$E$12 -> -0.002 | H15: =F15*1000 -> -2
A16: 2025.11.13 | B16: 0 | C16: 0.398 | D16: 2.58 | E16: =B16+C16-D16 -> -2.182 | F16: =E16-$E$12 -> -0.001 | H16: =F16*1000 -> -1
A17: 2025.11.17 | B17: 0 | C17: 0.43 | D17: 2.612 | E17: =B17+C17-D17 -> -2.182 | F17: =E17-$E$12 -> -0.001 | H17: =F17*1000 -> -1
A18: 2025.11.20 | B18: 0 | C18: 0.409 | D18: 2.592 | E18: =B18+C18-D18 -> -2.183 | F18: =E18-$E$12 -> -0.002 | H18: =F18*1000 -> -2
A19: 2025.11.24 | B19: 0 | C19: 0.422 | D19: 2.605 | E19: =B19+C19-D19 -> -2.183 | F19: =E19-$E$12 -> -0.002 | H19: =F19*1000 -> -2
A20: 2025.11.27 | B20: 0 | C20: 0.415 | D20: 2.597 | E20: =B20+C20-D20 -> -2.182 | F20: =E20-$E$12 -> -0.001 | H20: =F20*1000 -> -1
A21: 2025.12.01 | B21: 0 | C21: 0.407 | D21: 2.589 | E21: =B21+C21-D21 -> -2.182 | F21: =E21-$E$12 -> -0.001 | H21: =F21*1000 -> -1
A22: 2025.12.04 | B22: 0 | C22: 0.425 | D22: 2.609 | E22: =B22+C22-D22 -> -2.184 | F22: =E22-$E$12 -> -0.003 | H22: =F22*1000 -> -3

Sheet P.9
A1: 지표침하계 DATA | H1: ST-9
A3: ■ 계측관리업체(Contract) : ㈜지오테크이앤씨
A4: =P.1!$A$4 -> ■ 현장명(Site) : 용산구 한남동 383일대 근린생활시설 신축공사
A5: ■ 계측기번호(NO.) : ST-9
A6: ■ 계기측종류(Type) : SURFACE SETTLEMENT PIN
A7: ■ 공식(Formula) : 측정치 = 기준값 + 후시(B.S) - 전시(F.S) ※ 변위차 = 금회측정치 - 초기측정치
A10: 날짜 | B10: 기준값 | C10: 후시(B.S) | D10: 전시(F.S) | E10: 측정치 | F10: 변위차 | G10: 비 고 | H10: CM 환산
B11: (M) | C11: (M) | D11: (M) | E11: (M) | F11: (M) | H11: 그래프용
A12: =P.1!A12 -> 2025.10.30 | B12: 0 | C12: 0.39 | D12: 2.507 | E12: =B12+C12-D12 -> -2.117 | F12: =E12-$E$12 -> 0 | G12: 초 기 치 | H12: =F12*1000 -> 0
A13: =P.1!A13 -> 2025.11.03 | B13: 0 | C13: 0.413 | D13: 2.531 | E13: =B13+C13-D13 -> -2.118 | F13: =E13-$E$12 -> -0.001 | H13: =F13*1000 -> -1
A14: 2025.11.06 | B14: 0 | C14: 0.425 | D14: 2.543 | E14: =B14+C14-D14 -> -2.118 | F14: =E14-$E$12 -> -0.001 | H14: =F14*1000 -> -1
A15: 2025.11.10 | B15: 0 | C15: 0.401 | D15: 2.52 | E15: =B15+C15-D15 -> -2.119 | F15: =E15-$E$12 -> -0.002 | H15: =F15*1000 -> -2
A16: 2025.11.13 | B16: 0 | C16: 0.398 | D16: 2.516 | E16: =B16+C16-D16 -> -2.118 | F16: =E16-$E$12 -> -0.001 | H16: =F16*1000 -> -1
A17: 2025.11.17 | B17: 0 | C17: 0.43 | D17: 2.55 | E17: =B17+C17-D17 -> -2.12 | F17: =E17-$E$12 -> -0.003 | H17: =F17*1000 -> -3
A18: 2025.11.20 | B18: 0 | C18: 0.409 | D18: 2.528 | E18: =B18+C18-D18 -> -2.119 | F18: =E18-$E$12 -> -0.002 | H18: =F18*1000 -> -2
A19: 2025.11.24 | B19: 0 | C19: 0.422 | D19: 2.541 | E19: =B19+C19-D19 -> -2.119 | F19: =E19-$E$12 -> -0.002 | H19: =F19*1000 -> -2
A20: 2025.11.27 | B20: 0 | C20: 0.415 | D20: 2.533 | E20: =B20+C20-D20 -> -2.118 | F20: =E20-$E$12 -> -0.001 | H20: =F20*1000 -> -1
A21: 2025.12.01 | B21: 0 | C21: 0.407 | D21: 2.525 | E21: =B21+C21-D21 -> -2.118 | F21: =E21-$E$12 -> -0.001 | H21: =F21*1000 -> -1
A22: 2025.12.04 | B22: 0 | C22: 0.425 | D22: 2.544 | E22: =B22+C22-D22 -> -2.119 | F22: =E22-$E$12 -> -0.002 | H22: =F22*1000 -> -2
