Workbook

Sheet 간지
A2: 03 | G2: 변형률계
A40: STRAIN GAUGE
A47: DATA SHEET

Sheet S1-1,3 STRUT (3) 배면 좌
A1: Strain Gauge Data Sheet
A3: 현 장 명 : 용산구 한남동 383일대 근린생활시설 신축공사
A4: 설 치 위 치 : S1-1,2,3 - STRUT(도면참조)
A17: 측정일 | B17: 측정치(µε) | E17: 응력(kg/㎠) | H17: 응력(Mpa) | K17: 축력(Ton) | N17: 비 고
B18: 1단 | C18: 2단 | D18: 3단 | E18: 1단 | F18: 2단 | G18: 3단 | H18: 1단 | I18: 2단 | J18: 3단 | K18: 1단 | L18: 2단 | M18: 3단
B19: S1-1 | C19: S1-2 | D19: S1-3 | E19: S1-1 | F19: S1-2 | G19: S1-3 | H19: S1-1 | I19: S1-2 | J19: S1-3 | K19: S1-1 | L19: S1-2 | M19: S1-3
A20: 45978 | B20: 2851 | E20: =(B20-$B$20)*2.1 -> 0 | H20: =E20*0.0980665 -> 0 | K20: =(E20*119.8)/1000 -> 0
A21: 45981 | B21: 2855 | E21: =(B21-$B$20)*2.1 -> 8.4 | H21: =E21*0.0980665 -> 0.8237586 | K21: =(E21*119.8)/1000 -> 1.00632
A22: 45985 | B22: 2863 | C22: 2851 | E22: =(B22-$B$20)*2.1 -> 25.2 | F22: =(C22-$C$22)*2.1 -> 0 | H22: =E22*0.0980665 -> 2.4712758 | I22: =F22*0.0980665 -> 0 | K22: =(E22*119.8)/1000 -> 3.01896 | L22: =(F22*119.8)/1000 -> 0
A23: 45988 | B23: 2858 | C23: 2853 | E23: =(B23-$B$20)*2.1 -> 14.7 | F23: =(C23-$C$22)*2.1 -> 4.2 | H23: =E23*0.0980665 -> 1.4415776 | I23: =F23*0.0980665 -> 0.4118793 | K23: =(E23*119.8)/1000 -> 1.76106 | L23: =(F23*119.8)/1000 -> 0.50316
A24: 45992 | B24: 2846 | C24: 2861 | E24: =(B24-$B$20)*2.1 -> -10.5 | F24: =(C24-$C$22)*2.1 -> 21 | H24: =E24*0.0980665 -> -1.0296983 | I24: =F24*0.0980665 -> 2.0593965 | K24: =(E24*119.8)/1000 -> -1.2579 | L24: =(F24*119.8)/1000 -> 2.5158
A25: 45995 | B25: 2840 | C25: 2860 | E25: =(B25-$B$20)*2.1 -> -23.1 | F25: =(C25-$C$22)*2.1 -> 18.9 | H25: =E25*0.0980665 -> -2.2653361 | I25: =F25*0.0980665 -> 1.8534568 | K25: =(E25*119.8)/1000 -> -2.76738 | L25: =(F25*119.8)/1000 -> 2.26422

Sheet S2-1,3 STRUT (4)배면 우
A1: Strain Gauge Data Sheet
A3: ='S1-1,3 STRUT (3) 배면 좌'!A3 -> 현 장 명 : 용산구 한남동 383일대 근린생활시설 신축공사
A4: 설 치 위 치 : S2-1,2,3 - STRUT(도면참조)
A17: 측정일 | B17: 측정치(µε) | E17: 응력(kg/㎠) | H17: 응력(Mpa) | K17: 축력(Ton) | N17: 비 고
B18: 1단 | C18: 2단 | D18: 3단 | E18: 1단 | F18: 2단 | G18: 3단 | H18: 1단 | I18: 2단 | J18: 3단 | K18: 1단 | L18: 2단 | M18: 3단
B19: S2-1 | C19: S2-2 | D19: S2-3 | E19: S2-1 | F19: S2-2 | G19: S2-3 | H19: S2-1 | I19: S2-2 | J19: S2-3 | K19: S2-1 | L19: S2-2 | M19: S2-3
A20: 45926 | B20: 2859 | E20: =(B20-$B$20)*2.1 -> 0 | H20: =E20*0.0980665 -> 0 | K20: =(E20*119.8)/1000 -> 0
A21: 45930 | B21: 2857 | E21: =(B21-$B$20)*2.1 -> -4.2 | H21: =E21*0.0980665 -> -0.4118793 | K21: =(E21*119.8)/1000 -> -0.50316
A22: 45932 | B22: 2850 | E22: =(B22-$B$20)*2.1 -> -18.9 | H22: =E22*0.0980665 -> -1.8534568 | K22: =(E22*119.8)/1000 -> -2.26422
A23: 45944 | B23: 2853 | C23: 2979 | E23: =(B23-$B$20)*2.1 -> -12.6 | F23: =(C23-$C$23)*2.1 -> 0 | H23: =E23*0.0980665 -> -1.2356379 | I23: =F23*0.0980665 -> 0 | K23: =(E23*119.8)/1000 -> -1.50948 | L23: =(F23*119.8)/1000 -> 0
A24: 45946 | B24: 2856 | C24: 2984 | E24: =(B24-$B$20)*2.1 -> -6.3 | F24: =(C24-$C$23)*2.1 -> 10.5 | H24: =E24*0.0980665 -> -0.61781895 | I24: =F24*0.0980665 -> 1.0296983 | K24: =(E24*119.8)/1000 -> -0.75474 | L24: =(F24*119.8)/1000 -> 1.2579
A25: 45953 | B25: 2858 | C25: 2981 | D25: 3152 | E25: =(B25-$B$20)*2.1 -> -2.1 | F25: =(C25-$C$23)*2.1 -> 4.2 | G25: =(D25-$D$25)*2.1 -> 0 | H25: =E25*0.0980665 -> -0.20593965 | I25: =F25*0.0980665 -> 0.4118793 | J25: =G25*0.0980665 -> 0 | K25: =(E25*119.8)/1000 -> -0.25158 | L25: =(F25*119.8)/1000 -> 0.50316 | M25: =(G25*119.8)/1000 -> 0
A26: 45959 | B26: 2855 | C26: 2970 | D26: 3147 | E26: =(B26-$B$20)*2.1 -> -8.4 | F26: =(C26-$C$23)*2.1 -> -18.9 | G26: =(D26-$D$25)*2.1 -> -10.5 | H26: =E26*0.0980665 -> -0.8237586 | I26: =F26*0.0980665 -> -1.8534568 | J26: =G26*0.0980665 -> -1.0296983 | K26: =(E26*119.8)/1000 -> -1.00632 | L26: =(F26*119.8)/1000 -> -2.26422 | M26: =(G26*119.8)/1000 -> -1.2579
A27: 45966 | B27: 2843 | C27: 2978 | D27: 3161 | E27: =(B27-$B$20)*2.1 -> -33.6 | F27: =(C27-$C$23)*2.1 -> -2.1 | G27: =(D27-$D$25)*2.1 -> 18.9 | H27: =E27*0.0980665 -> -3.2950344 | I27: =F27*0.0980665 -> -0.20593965 | J27: =G27*0.0980665 -> 1.8534568 | K27: =(E27*119.8)/1000 -> -4.02528 | L27: =(F27*119.8)/1000 -> -0.25158 | M27: =(G27*119.8)/1000 -> 2.26422
A28: 45971 | B28: 2849 | C28: 2993 | D28: 3156 | E28: =(B28-$B$20)*2.1 -> -21 | F28: =(C28-$C$23)*2.1 -> 29.4 | G28: =(D28-$D$25)*2.1 -> 8.4 | H28: =E28*0.0980665 -> -2.0593965 | I28: =F28*0.0980665 -> 2.8831551 | J28: =G28*0.0980665 -> 0.8237586 | K28: =(E28*119.8)/1000 -> -2.5158 | L28: =(F28*119.8)/1000 -> 3.52212 | M28: =(G28*119.8)/1000 -> 1.00632

Sheet S3-1,2,3 STRUT (5)
A1: Strain Gauge Data Sheet
A3: ='S1-1,3 STRUT (3) 배면 좌'!A3 -> 현 장 명 : 용산구 한남동 383일대 근린생활시설 신축공사
A4: 설 치 위 치 : S3-1,2,3 - STRUT(도면참조)
A17: 측정일 | B17: 측정치(µε) | E17: 응력(kg/㎠) | H17: 응력(Mpa) | K17: 축력(Ton) | N17: 비 고
B18: 1단 | C18: 2단 | D18: 3단 | E18: 1단 | F18: 2단 | G18: 3단 | H18: 1단 | I18: 2단 | J18: 3단 | K18: 1단 | L18: 2단 | M18: 3단
B19: S3-1 | C19: S3-2 | D19: S3-3 | E19: S3-1 | F19: S3-2 | G19: S3-3 | H19: S3-1 | I19: S3-2 | J19: S3-3 | K19: S3-1 | L19: S3-2 | M19: S3-3
A20: 45926 | B20: 2849 | E20: =(B20-$B$20)*2.1 -> 0 | H20: =E20*0.0980665 -> 0 | K20: =(E20*119.8)/1000 -> 0 | Q20: 현장앞쪽 메인
A21: 45930 | B21: 2844 | E21: =(B21-$B$20)*2.1 -> -10.5 | H21: =E21*0.0980665 -> -1.0296983 | K21: =(E21*119.8)/1000 -> -1.2579
A22: 45932 | B22: 2838 | E22: =(B22-$B$20)*2.1 -> -23.1 | H22: =E22*0.0980665 -> -2.2653361 | K22: =(E22*119.8)/1000 -> -2.76738
A23: 45944 | B23: 2841 | C23: 2816 | E23: =(B23-$B$20)*2.1 -> -16.8 | F23: =(C23-$C$23)*2.1 -> 0 | H23: =E23*0.0980665 -> -1.6475172 | I23: =F23*0.0980665 -> 0 | K23: =(E23*119.8)/1000 -> -2.01264 | L23: =(F23*119.8)/1000 -> 0
A24: 45946 | B24: 2837 | C24: 2820 | E24: =(B24-$B$20)*2.1 -> -25.2 | F24: =(C24-$C$23)*2.1 -> 8.4 | H24: =E24*0.0980665 -> -2.4712758 | I24: =F24*0.0980665 -> 0.8237586 | K24: =(E24*119.8)/1000 -> -3.01896 | L24: =(F24*119.8)/1000 -> 1.00632
A25: 45953 | B25: 2839 | C25: 2822 | D25: 2735 | E25: =(B25-$B$20)*2.1 -> -21 | F25: =(C25-$C$23)*2.1 -> 12.6 | G25: =(D25-$D$25)*2.1 -> 0 | H25: =E25*0.0980665 -> -2.0593965 | I25: =F25*0.0980665 -> 1.2356379 | J25: =G25*0.0980665 -> 0 | K25: =(E25*119.8)/1000 -> -2.5158 | L25: =(F25*119.8)/1000 -> 1.50948 | M25: =(G25*119.8)/1000 -> 0
A26: 45959 | B26: 2841 | C26: 2820 | D26: 2736 | E26: =(B26-$B$20)*2.1 -> -16.8 | F26: =(C26-$C$23)*2.1 -> 8.4 | G26: =(D26-$D$25)*2.1 -> 2.1 | H26: =E26*0.0980665 -> -1.6475172 | I26: =F26*0.0980665 -> 0.8237586 | J26: =G26*0.0980665 -> 0.20593965 | K26: =(E26*119.8)/1000 -> -2.01264 | L26: =(F26*119.8)/1000 -> 1.00632 | M26: =(G26*119.8)/1000 -> 0.25158
A27: 45966 | B27: 2852 | C27: 2806 | D27: 2724 | E27: =(B27-$B$20)*2.1 -> 6.3 | F27: =(C27-$C$23)*2.1 -> -21 | G27: =(D27-$D$25)*2.1 -> -23.1 | H27: =E27*0.0980665 -> 0.61781895 | I27: =F27*0.0980665 -> -2.0593965 | J27: =G27*0.0980665 -> -2.2653361 | K27: =(E27*119.8)/1000 -> 0.75474 | L27: =(F27*119.8)/1000 -> -2.5158 | M27: =(G27*119.8)/1000 -> -2.76738
A28: 45971 | B28: 2842 | C28: 2805 | D28: 2739 | E28: =(B28-$B$20)*2.1 -> -14.7 | F28: =(C28-$C$23)*2.1 -> -23.1 | G28: =(D28-$D$25)*2.1 -> 8.4 | H28: =E28*0.0980665 -> -1.4415776 | I28: =F28*0.0980665 -> -2.2653361 | J28: =G28*0.0980665 -> 0.8237586 | K28: =(E28*119.8)/1000 -> -1.76106 | L28: =(F28*119.8)/1000 -> -2.76738 | M28: =(G28*119.8)/1000 -> 1.00632

Sheet S4-1, STRUT (6)
A1: Strain Gauge Data Sheet
A3: ='S1-1,3 STRUT (3) 배면 좌'!A3 -> 현 장 명 : 용산구 한남동 383일대 근린생활시설 신축공사
A4: 설 치 위 치 : S4-1 - STRUT(도면참조)
A17: 측정일 | B17: 측정치(µε) | E17: 응력(kg/㎠) | H17: 응력(Mpa) | K17: 축력(Ton) | N17: 비 고
B18: 1단 | C18: 2단 | D18: 3단 | E18: 1단 | F18: 2단 | G18: 3단 | H18: 1단 | I18: 2단 | J18: 3단 | K18: 1단 | L18: 2단 | M18: 3단
B19: S4-1 | E19: S4-1 | H19: S4-1 | K19: S4-1
A20: 45988 | B20: 2993 | E20: =(B20-$B$20)*2.1 -> 0 | H20: =E20*0.0980665 -> 0 | K20: =(E20*119.8)/1000 -> 0
A21: 45992 | B21: 3000 | E21: =(B21-$B$20)*2.1 -> 14.7 | H21: =E21*0.0980665 -> 1.4415776 | K21: =(E21*119.8)/1000 -> 1.76106 | Q21: 현장 뒤 메인
A22: 45995 | B22: 3002 | E22: =(B22-$B$20)*2.1 -> 18.9 | H22: =E22*0.0980665 -> 1.8534568 | K22: =(E22*119.8)/1000 -> 2.26422

Sheet S5-1 STRUT (4)배면 우 (2)
A1: Strain Gauge Data Sheet
A3: ='S1-1,3 STRUT (3) 배면 좌'!A3 -> 현 장 명 : 용산구 한남동 383일대 근린생활시설 신축공사
A4: 설 치 위 치 : S5-1 - STRUT(도면참조)
A17: 측정일 | B17: 측정치(µε) | E17: 응력(kg/㎠) | H17: 응력(Mpa) | K17: 축력(Ton) | N17: 비 고
B18: 1단 | C18: 2단 | D18: 3단 | E18: 1단 | F18: 2단 | G18: 3단 | H18: 1단 | I18: 2단 | J18: 3단 | K18: 1단 | L18: 2단 | M18: 3단
B19: S5-1 | E19: S5-1 | H19: S5-1 | K19: S5-1
A20: 45988 | B20: 2963 | E20: =(B20-$B$20)*2.1 -> 0 | H20: =E20*0.0980665 -> 0 | K20: =(E20*119.8)/1000 -> 0
A21: 45992 | B21: 2962 | E21: =(B21-$B$20)*2.1 -> -2.1 | H21: =E21*0.0980665 -> -0.20593965 | K21: =(E21*119.8)/1000 -> -0.25158
A22: 45995 | B22: 2958 | E22: =(B22-$B$20)*2.1 -> -10.5 | H22: =E22*0.0980665 -> -1.0296983 | K22: =(E22*119.8)/1000 -> -1.2579

Sheet S6-1,2,3 STRUT (6)
A1: Strain Gauge Data Sheet
A3: ='S1-1,3 STRUT (3) 배면 좌'!A3 -> 현 장 명 : 용산구 한남동 383일대 근린생활시설 신축공사
A4: 설 치 위 치 : S6-1,2,3 - STRUT(도면참조)
A17: 측정일 | B17: 측정치(µε) | E17: 응력(kg/㎠) | H17: 응력(Mpa) | K17: 축력(Ton) | N17: 비 고
B18: 1단 | C18: 2단 | D18: 3단 | E18: 1단 | F18: 2단 | G18: 3단 | H18: 1단 | I18: 2단 | J18: 3단 | K18: 1단 | L18: 2단 | M18: 3단
B19: S6-1 | C19: S6-2 | D19: S6-3 | E19: S6-1 | F19: S6-2 | G19: S6-3 | H19: S6-1 | I19: S6-2 | J19: S6-3 | K19: S6-1 | L19: S6-2 | M19: S6-3
A20: 45930 | B20: 3282 | C20: 2833 | E20: =(B20-$B$20)*2.1 -> 0 | F20: =(C20-$C$20)*2.1 -> 0 | H20: =E20*0.0980665 -> 0 | I20: =F20*0.0980665 -> 0 | K20: =(E20*119.8)/1000 -> 0 | L20: =(F20*119.8)/1000 -> 0 | Q20: 현장앞쪽 메인
A21: 45932 | B21: 3270 | C21: 2825 | E21: =(B21-$B$20)*2.1 -> -25.2 | F21: =(C21-$C$20)*2.1 -> -16.8 | H21: =E21*0.0980665 -> -2.4712758 | I21: =F21*0.0980665 -> -1.6475172 | K21: =(E21*119.8)/1000 -> -3.01896 | L21: =(F21*119.8)/1000 -> -2.01264
A22: 45944 | B22: 3271 | C22: 2822 | E22: =(B22-$B$20)*2.1 -> -23.1 | F22: =(C22-$C$20)*2.1 -> -23.1 | H22: =E22*0.0980665 -> -2.2653361 | I22: =F22*0.0980665 -> -2.2653361 | K22: =(E22*119.8)/1000 -> -2.76738 | L22: =(F22*119.8)/1000 -> -2.76738
A23: 45946 | B23: 3274 | C23: 2829 | E23: =(B23-$B$20)*2.1 -> -16.8 | F23: =(C23-$C$20)*2.1 -> -8.4 | H23: =E23*0.0980665 -> -1.6475172 | I23: =F23*0.0980665 -> -0.8237586 | K23: =(E23*119.8)/1000 -> -2.01264 | L23: =(F23*119.8)/1000 -> -1.00632
A24: 45953 | B24: 3271 | C24: 2825 | D24: 2744 | E24: =(B24-$B$20)*2.1 -> -23.1 | F24: =(C24-$C$20)*2.1 -> -16.8 | G24: =(D24-$D$24)*2.1 -> 0 | H24: =E24*0.0980665 -> -2.2653361 | I24: =F24*0.0980665 -> -1.6475172 | J24: =G24*0.0980665 -> 0 | K24: =(E24*119.8)/1000 -> -2.76738 | L24: =(F24*119.8)/1000 -> -2.01264 | M24: =(G24*119.8)/1000 -> 0
A25: 45959 | B25: 3277 | C25: 2830 | D25: 2750 | E25: =(B25-$B$20)*2.1 -> -10.5 | F25: =(C25-$C$20)*2.1 -> -6.3 | G25: =(D25-$D$24)*2.1 -> 12.6 | H25: =E25*0.0980665 -> -1.0296983 | I25: =F25*0.0980665 -> -0.61781895 | J25: =G25*0.0980665 -> 1.2356379 | K25: =(E25*119.8)/1000 -> -1.2579 | L25: =(F25*119.8)/1000 -> -0.75474 | M25: =(G25*119.8)/1000 -> 1.50948
A26: 45966 | B26: 3275 | C26: 2825 | D26: 2763 | E26: =(B26-$B$20)*2.1 -> -14.7 | F26: =(C26-$C$20)*2.1 -> -16.8 | G26: =(D26-$D$24)*2.1 -> 39.9 | H26: =E26*0.0980665 -> -1.4415776 | I26: =F26*0.0980665 -> -1.6475172 | J26: =G26*0.0980665 -> 3.9128533 | K26: =(E26*119.8)/1000 -> -1.76106 | L26: =(F26*119.8)/1000 -> -2.01264 | M26: =(G26*119.8)/1000 -> 4.78002
A27: 45971 | B27: 3265 | C27: 2818 | D27: 2754 | E27: =(B27-$B$20)*2.1 -> -35.7 | F27: =(C27-$C$20)*2.1 -> -31.5 | G27: =(D27-$D$24)*2.1 -> 21 | H27: =E27*0.0980665 -> -3.500974 | I27: =F27*0.0980665 -> -3.0890948 | J27: =G27*0.0980665 -> 2.0593965 | K27: =(E27*119.8)/1000 -> -4.27686 | L27: =(F27*119.8)/1000 -> -3.7737 | M27: =(G27*119.8)/1000 -> 2.5158

Sheet S7-1,2,3 STRUT (7)
A1: Strain Gauge Data Sheet
A3: ='S1-1,3 STRUT (3) 배면 좌'!A3 -> 현 장 명 : 용산구 한남동 383일대 근린생활시설 신축공사
A4: 설 치 위 치 : S7-1,2,3 - STRUT(도면참조)
A17: 측정일 | B17: 측정치(µε) | E17: 응력(kg/㎠) | H17: 응력(Mpa) | K17: 축력(Ton) | N17: 비 고
B18: 1단 | C18: 2단 | D18: 3단 | E18: 1단 | F18: 2단 | G18: 3단 | H18: 1단 | I18: 2단 | J18: 3단 | K18: 1단 | L18: 2단 | M18: 3단
B19: S7-1 | C19: S7-2 | D19: S7-3 | E19: S7-1 | F19: S7-2 | G19: S7-3 | H19: S7-1 | I19: S7-2 | J19: S7-3 | K19: S7-1 | L19: S7-2 | M19: S7-3
A20: 45930 | B20: 3006 | C20: 2934 | E20: =(B20-$B$20)*2.1 -> 0 | F20: =(C20-$C$20)*2.1 -> 0 | H20: =E20*0.0980665 -> 0 | I20: =F20*0.0980665 -> 0 | K20: =(E20*119.8)/1000 -> 0 | L20: =(F20*119.8)/1000 -> 0
A21: 45932 | B21: 3010 | C21: 2940 | E21: =(B21-$B$20)*2.1 -> 8.4 | F21: =(C21-$C$20)*2.1 -> 12.6 | H21: =E21*0.0980665 -> 0.8237586 | I21: =F21*0.0980665 -> 1.2356379 | K21: =(E21*119.8)/1000 -> 1.00632 | L21: =(F21*119.8)/1000 -> 1.50948 | Q21: 현장 뒤 메인
A22: 45944 | B22: 3013 | C22: 2942 | E22: =(B22-$B$20)*2.1 -> 14.7 | F22: =(C22-$C$20)*2.1 -> 16.8 | H22: =E22*0.0980665 -> 1.4415776 | I22: =F22*0.0980665 -> 1.6475172 | K22: =(E22*119.8)/1000 -> 1.76106 | L22: =(F22*119.8)/1000 -> 2.01264
A23: 45946 | B23: 3016 | C23: 2944 | E23: =(B23-$B$20)*2.1 -> 21 | F23: =(C23-$C$20)*2.1 -> 21 | H23: =E23*0.0980665 -> 2.0593965 | I23: =F23*0.0980665 -> 2.0593965 | K23: =(E23*119.8)/1000 -> 2.5158 | L23: =(F23*119.8)/1000 -> 2.5158
A24: 45953 | B24: 3015 | C24: 2943 | D24: 2548 | E24: =(B24-$B$20)*2.1 -> 18.9 | F24: =(C24-$C$20)*2.1 -> 18.9 | G24: =(D24-$D$24)*2.1 -> 0 | H24: =E24*0.0980665 -> 1.8534568 | I24: =F24*0.0980665 -> 1.8534568 | J24: =G24*0.0980665 -> 0 | K24: =(E24*119.8)/1000 -> 2.26422 | L24: =(F24*119.8)/1000 -> 2.26422 | M24: =(G24*119.8)/1000 -> 0
A25: 45959 | B25: 3014 | C25: 2930 | D25: 2542 | E25: =(B25-$B$20)*2.1 -> 16.8 | F25: =(C25-$C$20)*2.1 -> -8.4 | G25: =(D25-$D$24)*2.1 -> -12.6 | H25: =E25*0.0980665 -> 1.6475172 | I25: =F25*0.0980665 -> -0.8237586 | J25: =G25*0.0980665 -> -1.2356379 | K25: =(E25*119.8)/1000 -> 2.01264 | L25: =(F25*119.8)/1000 -> -1.00632 | M25: =(G25*119.8)/1000 -> -1.50948
A26: 45966 | B26: 3004 | C26: 2921 | D26: 2547 | E26: =(B26-$B$20)*2.1 -> -4.2 | F26: =(C26-$C$20)*2.1 -> -27.3 | G26: =(D26-$D$24)*2.1 -> -2.1 | H26: =E26*0.0980665 -> -0.4118793 | I26: =F26*0.0980665 -> -2.6772154 | J26: =G26*0.0980665 -> -0.20593965 | K26: =(E26*119.8)/1000 -> -0.50316 | L26: =(F26*119.8)/1000 -> -3.27054 | M26: =(G26*119.8)/1000 -> -0.25158
A27: 45971 | B27: 3000 | C27: 2915 | D27: 2540 | E27: =(B27-$B$20)*2.1 -> -12.6 | F27: =(C27-$C$20)*2.1 -> -39.9 | G27: =(D27-$D$24)*2.1 -> -16.8 | H27: =E27*0.0980665 -> -1.2356379 | I27: =F27*0.0980665 -> -3.9128533 | J27: =G27*0.0980665 -> -1.6475172 | K27: =(E27*119.8)/1000 -> -1.50948 | L27: =(F27*119.8)/1000 -> -4.78002 | M27: =(G27*119.8)/1000 -> -2.01264
