Workbook

Sheet C-1
A1: 균 열 측 정 계 DATA | J1: CK-1(상하변위)
A3: ■ 계측관리업체(Contract) : ㈜지오테크이앤씨 | J3: CK-1(좌우변위)
A4: ■ 현장명(Site) :용산구 한남동 383일대 근린생활시설 신축공사
A5: ■ 설치위치(No.) : CK-1 건물 외벽(도면 위치 참조)
A6: ■ 계기종류(Type) : Multi Crack Gauge
A7: ■ 공식(Formula) : 변위량(mm) = 금회 측정치 - 초기 측정치 | F7: (+) : 상, 우방향 (-) : 하, 좌방향
A16: Date | B16: 측정치(mm)(상/하) | C16: 변위량(mm) | D16: 비 고 | E16: Date | F16: 측정치(mm)(좌/우) | G16: 변위량(mm) | H16: 비 고
A17: 2025.10.30 | B17: 0 | C17: =B17-$B$17 -> 0 | D17: 초기치 | E17: =A17 -> 2025.10.30 | F17: 0 | G17: =F17-$F$17 -> 0 | H17: 초기치
A18: 2025.11.03 | B18: 0 | C18: =B18-$B$17 -> 0 | E18: =A18 -> 2025.11.03 | F18: 0 | G18: =F18-$F$17 -> 0
A19: 2025.11.06 | B19: 0 | C19: =B19-$B$17 -> 0 | E19: =A19 -> 2025.11.06 | F19: 0 | G19: =F19-$F$17 -> 0
A20: 2025.11.10 | B20: 0 | C20: =B20-$B$17 -> 0 | E20: =A20 -> 2025.11.10 | F20: 0 | G20: =F20-$F$17 -> 0
A21: 2025.11.13 | B21: 0 | C21: =B21-$B$17 -> 0 | E21: =A21 -> 2025.11.13 | F21: 0 | G21: =F21-$F$17 -> 0
A22: 2025.11.17 | B22: 0 | C22: =B22-$B$17 -> 0 | E22: =A22 -> 2025.11.17 | F22: 0 | G22: =F22-$F$17 -> 0
A23: 2025.11.20 | B23: 0 | C23: =B23-$B$17 -> 0 | E23: =A23 -> 2025.11.20 | F23: 0 | G23: =F23-$F$17 -> 0
A24: 2025.11.24 | B24: 0 | C24: =B24-$B$17 -> 0 | E24: =A24 -> 2025.11.24 | F24: 0 | G24: =F24-$F$17 -> 0
A25: 2025.11.27 | B25: 0 | C25: =B25-$B$17 -> 0 | E25: =A25 -> 2025.11.27 | F25: 0 | G25: =F25-$F$17 -> 0
A26: 2025.12.01 | B26: 0 | C26: =B26-$B$17 -> 0 | E26: =A26 -> 2025.12.01 | F26: 0 | G26: =F26-$F$17 -> 0
A27: 2025.12.04 | B27: 0 | C27: =B27-$B$17 -> 0 | E27: =A27 -> 2025.12.04 | F27: 0 | G27: =F27-$F$17 -> 0

Sheet C-2
A1: 균 열 측 정 계 DATA | J1: CK-2(상하변위)
A3: ■ 계측관리업체(Contract) : ㈜지오테크이앤씨 | J3: CK-2(좌우변위)
A4: ='C-1'!A4 -> ■ 현장명(Site) :용산구 한남동 383일대 근린생활시설 신축공사
A5: ■ 설치위치(No.) : CK-2 건물 외벽(도면 위치 참조)
A6: ■ 계기종류(Type) : Multi Crack Gauge
A7: ■ 공식(Formula) : 변위량(mm) = 금회 측정치 - 초기 측정치 | F7: (+) : 상, 우방향 (-) : 하, 좌방향
A16: Date | B16: 측정치(mm)(상/하) | C16: 변위량(mm) | D16: 비 고 | E16: Date | F16: 측정치(mm)(좌/우) | G16: 변위량(mm) | H16: 비 고
A17: 2025.10.30 | B17: 0 | C17: =B17-$B$17 -> 0 | D17: 초기치 | E17: =A17 -> 2025.10.30 | F17: 0 | G17: =F17-$F$17 -> 0 | H17: 초기치
A18: 2025.11.03 | B18: 0 | C18: =B18-$B$17 -> 0 | E18: =A18 -> 2025.11.03 | F18: 0 | G18: =F18-$F$17 -> 0
A19: 2025.11.06 | B19: 0 | C19: =B19-$B$17 -> 0 | E19: =A19 -> 2025.11.06 | F19: 0 | G19: =F19-$F$17 -> 0
A20: 2025.11.10 | B20: 0 | C20: =B20-$B$17 -> 0 | E20: =A20 -> 2025.11.10 | F20: 0 | G20: =F20-$F$17 -> 0
A21: 2025.11.13 | B21: 0 | C21: =B21-$B$17 -> 0 | E21: =A21 -> 2025.11.13 | F21: 0 | G21: =F21-$F$17 -> 0
A22: 2025.11.17 | B22: 0 | C22: =B22-$B$17 -> 0 | E22: =A22 -> 2025.11.17 | F22: 0 | G22: =F22-$F$17 -> 0
A23: 2025.11.20 | B23: 0 | C23: =B23-$B$17 -> 0 | E23: =A23 -> 2025.11.20 | F23: 0 | G23: =F23-$F$17 -> 0
A24: 2025.11.24 | B24: 0 | C24: =B24-$B$17 -> 0 | E24: =A24 -> 2025.11.24 | F24: 0 | G24: =F24-$F$17 -> 0
A25: 2025.11.27 | B25: 0 | C25: =B25-$B$17 -> 0 | E25: =A25 -> 2025.11.27 | F25: 0 | G25: =F25-$F$17 -> 0
A26: 2025.12.01 | B26: 0 | C26: =B26-$B$17 -> 0 | E26: =A26 -> 2025.12.01 | F26: 0 | G26: =F26-$F$17 -> 0
A27: 2025.12.04 | B27: 0 | C27: =B27-$B$17 -> 0 | E27: =A27 -> 2025.12.04 | F27: 0 | G27: =F27-$F$17 -> 0

Sheet C-3
A1: 균 열 측 정 계 DATA | J1: CK-3(상하변위)
A3: ■ 계측관리업체(Contract) : ㈜지오테크이앤씨 | J3: CK-3(좌우변위)
A4: ='C-1'!A4 -> ■ 현장명(Site) :용산구 한남동 383일대 근린생활시설 신축공사
A5: ■ 설치위치(No.) : CK-3 건물 외벽(도면 위치 참조)
A6: ■ 계기종류(Type) : Multi Crack Gauge
A7: ■ 공식(Formula) : 변위량(mm) = 금회 측정치 - 초기 측정치 | F7: (+) : 상, 우방향 (-) : 하, 좌방향
A16: Date | B16: 측정치(mm)(상/하) | C16: 변위량(mm) | D16: 비 고 | E16: Date | F16: 측정치(mm)(좌/우) | G16: 변위량(mm) | H16: 비 고
A17: 2025.10.30 | B17: 0 | C17: =B17-$B$17 -> 0 | D17: 초기치 | E17: =A17 -> 2025.10.30 | F17: 0 | G17: =F17-$F$17 -> 0 | H17: 초기치
A18: 2025.11.03 | B18: 0 | C18: =B18-$B$17 -> 0 | E18: =A18 -> 2025.11.03 | F18: 0 | G18: =F18-$F$17 -> 0
A19: 2025.11.06 | B19: 0 | C19: =B19-$B$17 -> 0 | E19: =A19 -> 2025.11.06 | F19: 0 | G19: =F19-$F$17 -> 0
A20: 2025.11.10 | B20: 0 | C20: =B20-$B$17 -> 0 | E20: =A20 -> 2025.11.10 | F20: 0 | G20: =F20-$F$17 -> 0
A21: 2025.11.13 | B21: 0 | C21: =B21-$B$17 -> 0 | E21: =A21 -> 2025.11.13 | F21: 0 | G21: =F21-$F$17 -> 0
A22: 2025.11.17 | B22: 0 | C22: =B22-$B$17 -> 0 | E22: =A22 -> 2025.11.17 | F22: 0 | G22: =F22-$F$17 -> 0
A23: 2025.11.20 | B23: 0 | C23: =B23-$B$17 -> 0 | E23: =A23 -> 2025.11.20 | F23: 0 | G23: =F23-$F$17 -> 0
A24: 2025.11.24 | B24: 0 | C24: =B24-$B$17 -> 0 | E24: =A24 -> 2025.11.24 | F24: 0 | G24: =F24-$F$17 -> 0
A25: 2025.11.27 | B25: 0 | C25: =B25-$B$17 -> 0 | E25: =A25 -> 2025.11.27 | F25: 0 | G25: =F25-$F$17 -> 0
A26: 2025.12.01 | B26: 0 | C26: =B26-$B$17 -> 0 | E26: =A26 -> 2025.12.01 | F26: 0 | G26: =F26-$F$17 -> 0
A27: 2025.12.04 | B27: 0 | C27: =B27-$B$17 -> 0 | E27: =A27 -> 2025.12.04 | F27: 0 | G27: =F27-$F$17 -> 0

Sheet C-4
A1: 균 열 측 정 계 DATA | J1: CK-4(상하변위)
A3: ■ 계측관리업체(Contract) : ㈜지오테크이앤씨 | J3: CK-4(좌우변위)
A4: ='C-1'!A4 -> ■ 현장명(Site) :용산구 한남동 383일대 근린생활시설 신축공사
A5: ■ 설치위치(No.) : CK-4 건물 외벽(도면 위치 참조)
A6: ■ 계기종류(Type) : Multi Crack Gauge
A7: ■ 공식(Formula) : 변위량(mm) = 금회 측정치 - 초기 측정치 | F7: (+) : 상, 우방향 (-) : 하, 좌방향
A16: Date | B16: 측정치(mm)(상/하) | C16: 변위량(mm) | D16: 비 고 | E16: Date | F16: 측정치(mm)(좌/우) | G16: 변위량(mm) | H16: 비 고
A17: 2025.10.30 | B17: 0 | C17: =B17-$B$17 -> 0 | D17: 초기치 | E17: =A17 -> 2025.10.30 | F17: 0 | G17: =F17-$F$17 -> 0 | H17: 초기치
A18: 2025.11.03 | B18: 0 | C18: =B18-$B$17 -> 0 | E18: =A18 -> 2025.11.03 | F18: 0 | G18: =F18-$F$17 -> 0
A19: 2025.11.06 | B19: 0 | C19: =B19-$B$17 -> 0 | E19: =A19 -> 2025.11.06 | F19: 0 | G19: =F19-$F$17 -> 0
A20: 2025.11.10 | B20: 0 | C20: =B20-$B$17 -> 0 | E20: =A20 -> 2025.11.10 | F20: 0 | G20: =F20-$F$17 -> 0
A21: 2025.11.13 | B21: 0 | C21: =B21-$B$17 -> 0 | E21: =A21 -> 2025.11.13 | F21: 0 | G21: =F21-$F$17 -> 0
A22: 2025.11.17 | B22: 0 | C22: =B22-$B$17 -> 0 | E22: =A22 -> 2025.11.17 | F22: 0 | G22: =F22-$F$17 -> 0
A23: 2025.11.20 | B23: 0 | C23: =B23-$B$17 -> 0 | E23: =A23 -> 2025.11.20 | F23: 0 | G23: =F23-$F$17 -> 0
A24: 2025.11.24 | B24: 0 | C24: =B24-$B$17 -> 0 | E24: =A24 -> 2025.11.24 | F24: 0 | G24: =F24-$F$17 -> 0
A25: 2025.11.27 | B25: 0 | C25: =B25-$B$17 -> 0 | E25: =A25 -> 2025.11.27 | F25: 0 | G25: =F25-$F$17 -> 0
A26: 2025.12.01 | B26: 0 | C26: =B26-$B$17 -> 0 | E26: =A26 -> 2025.12.01 | F26: 0 | G26: =F26-$F$17 -> 0
A27: 2025.12.04 | B27: 0 | C27: =B27-$B$17 -> 0 | E27: =A27 -> 2025.12.04 | F27: 0 | G27: =F27-$F$17 -> 0

Sheet C-5
A1: 균 열 측 정 계 DATA | J1: CK-5(상하변위)
A3: ■ 계측관리업체(Contract) : ㈜지오테크이앤씨 | J3: CK-5(좌우변위)
A4: ='C-1'!A4 -> ■ 현장명(Site) :용산구 한남동 383일대 근린생활시설 신축공사
A5: ■ 설치위치(No.) : CK-5 건물 외벽(도면 위치 참조)
A6: ■ 계기종류(Type) : Multi Crack Gauge
A7: ■ 공식(Formula) : 변위량(mm) = 금회 측정치 - 초기 측정치 | F7: (+) : 상, 우방향 (-) : 하, 좌방향
A16: Date | B16: 측정치(mm)(상/하) | C16: 변위량(mm) | D16: 비 고 | E16: Date | F16: 측정치(mm)(좌/우) | G16: 변위량(mm) | H16: 비 고
A17: 2025.10.30 | B17: 0 | C17: =B17-$B$17 -> 0 | D17: 초기치 | E17: =A17 -> 2025.10.30 | F17: 0 | G17: =F17-$F$17 -> 0 | H17: 초기치
A18: 2025.11.03 | B18: 0 | C18: =B18-$B$17 -> 0 | E18: =A18 -> 2025.11.03 | F18: 0 | G18: =F18-$F$17 -> 0
A19: 2025.11.06 | B19: 0 | C19: =B19-$B$17 -> 0 | E19: =A19 -> 2025.11.06 | F19: 0 | G19: =F19-$F$17 -> 0
A20: 2025.11.10 | B20: 0 | C20: =B20-$B$17 -> 0 | E20: =A20 -> 2025.11.10 | F20: 0 | G20: =F20-$F$17 -> 0
A21: 2025.11.13 | B21: 0 | C21: =B21-$B$17 -> 0 | E21: =A21 -> 2025.11.13 | F21: 0 | G21: =F21-$F$17 -> 0
A22: 2025.11.17 | B22: 0 | C22: =B22-$B$17 -> 0 | E22: =A22 -> 2025.11.17 | F22: 0 | G22: =F22-$F$17 -> 0
A23: 2025.11.20 | B23: 0 | C23: =B23-$B$17 -> 0 | E23: =A23 -> 2025.11.20 | F23: 0 | G23: =F23-$F$17 -> 0
A24: 2025.11.24 | B24: 0 | C24: =B24-$B$17 -> 0 | E24: =A24 -> 2025.11.24 | F24: 0 | G24: =F24-$F$17 -> 0
A25: 2025.11.27 | B25: 0 | C25: =B25-$B$17 -> 0 | E25: =A25 -> 2025.11.27 | F25: 0 | G25: =F25-$F$17 -> 0
A26: 2025.12.01 | B26: 0 | C26: =B26-$B$17 -> 0 | E26: =A26 -> 2025.12.01 | F26: 0 | G26: =F26-$F$17 -> 0
A27: 2025.12.04 | B27: 0 | C27: =B27-$B$17 -> 0 | E27: =A27 -> 2025.12.04 | F27: 0 | G27: =F27-$F$17 -> 0

Sheet C-6
A1: 균 열 측 정 계 DATA | J1: CK-6(상하변위)
A3: ■ 계측관리업체(Contract) : ㈜지오테크이앤씨 | J3: CK-6(좌우변위)
A4: ='C-1'!A4 -> ■ 현장명(Site) :용산구 한남동 383일대 근린생활시설 신축공사
A5: ■ 설치위치(No.) : CK-6 건물 외벽(도면 위치 참조)
A6: ■ 계기종류(Type) : Multi Crack Gauge
A7: ■ 공식(Formula) : 변위량(mm) = 금회 측정치 - 초기 측정치 | F7: (+) : 상, 우방향 (-) : 하, 좌방향
A16: Date | B16: 측정치(mm)(상/하) | C16: 변위량(mm) | D16: 비 고 | E16: Date | F16: 측정치(mm)(좌/우) | G16: 변위량(mm) | H16: 비 고
A17: 2025.10.30 | B17: 0 | C17: =B17-$B$17 -> 0 | D17: 초기치 | E17: =A17 -> 2025.10.30 | F17: 0 | G17: =F17-$F$17 -> 0 | H17: 초기치
A18: 2025.11.03 | B18: 0 | C18: =B18-$B$17 -> 0 | E18: =A18 -> 2025.11.03 | F18: 0 | G18: =F18-$F$17 -> 0
A19: 2025.11.06 | B19: 0 | C19: =B19-$B$17 -> 0 | E19: =A19 -> 2025.11.06 | F19: 0 | G19: =F19-$F$17 -> 0
A20: 2025.11.10 | B20: 0 | C20: =B20-$B$17 -> 0 | E20: =A20 -> 2025.11.10 | F20: 0 | G20: =F20-$F$17 -> 0
A21: 2025.11.13 | B21: 0 | C21: =B21-$B$17 -> 0 | E21: =A21 -> 2025.11.13 | F21: 0 | G21: =F21-$F$17 -> 0
A22: 2025.11.17 | B22: 0 | C22: =B22-$B$17 -> 0 | E22: =A22 -> 2025.11.17 | F22: 0 | G22: =F22-$F$17 -> 0
A23: 2025.11.20 | B23: 0 | C23: =B23-$B$17 -> 0 | E23: =A23 -> 2025.11.20 | F23: 0 | G23: =F23-$F$17 -> 0
A24: 2025.11.24 | B24: 0 | C24: =B24-$B$17 -> 0 | E24: =A24 -> 2025.11.24 | F24: 0 | G24: =F24-$F$17 -> 0
A25: 2025.11.27 | B25: 0 | C25: =B25-$B$17 -> 0 | E25: =A25 -> 2025.11.27 | F25: 0 | G25: =F25-$F$17 -> 0
A26: 2025.12.01 | B26: 0 | C26: =B26-$B$17 -> 0 | E26: =A26 -> 2025.12.01 | F26: 0 | G26: =F26-$F$17 -> 0
A27: 2025.12.04 | B27: 0 | C27: =B27-$B$17 -> 0 | E27: =A27 -> 2025.12.04 | F27: 0 | G27: =F27-$F$17 -> 0

Sheet C-7
A1: 균 열 측 정 계 DATA | J1: CK-7(상하변위)
A3: ■ 계측관리업체(Contract) : ㈜지오테크이앤씨 | J3: CK-7(좌우변위)
A4: ='C-1'!A4 -> ■ 현장명(Site) :용산구 한남동 383일대 근린생활시설 신축공사
A5: ■ 설치위치(No.) : CK-7 건물 외벽(도면 위치 참조)
A6: ■ 계기종류(Type) : Multi Crack Gauge
A7: ■ 공식(Formula) : 변위량(mm) = 금회 측정치 - 초기 측정치 | F7: (+) : 상, 우방향 (-) : 하, 좌방향
A16: Date | B16: 측정치(mm)(상/하) | C16: 변위량(mm) | D16: 비 고 | E16: Date | F16: 측정치(mm)(좌/우) | G16: 변위량(mm) | H16: 비 고
A17: 2025.10.30 | B17: 0 | C17: =B17-$B$17 -> 0 | D17: 초기치 | E17: =A17 -> 2025.10.30 | F17: 0 | G17: =F17-$F$17 -> 0 | H17: 초기치
A18: 2025.11.03 | B18: 0 | C18: =B18-$B$17 -> 0 | E18: =A18 -> 2025.11.03 | F18: 0 | G18: =F18-$F$17 -> 0
A19: 2025.11.06 | B19: 0 | C19: =B19-$B$17 -> 0 | E19: =A19 -> 2025.11.06 | F19: 0 | G19: =F19-$F$17 -> 0
A20: 2025.11.10 | B20: 0 | C20: =B20-$B$17 -> 0 | E20: =A20 -> 2025.11.10 | F20: 0 | G20: =F20-$F$17 -> 0
A21: 2025.11.13 | B21: 0 | C21: =B21-$B$17 -> 0 | E21: =A21 -> 2025.11.13 | F21: 0 | G21: =F21-$F$17 -> 0
A22: 2025.11.17 | B22: 0 | C22: =B22-$B$17 -> 0 | E22: =A22 -> 2025.11.17 | F22: 0 | G22: =F22-$F$17 -> 0
A23: 2025.11.20 | B23: 0 | C23: =B23-$B$17 -> 0 | E23: =A23 -> 2025.11.20 | F23: 0 | G23: =F23-$F$17 -> 0
A24: 2025.11.24 | B24: 0 | C24: =B24-$B$17 -> 0 | E24: =A24 -> 2025.11.24 | F24: 0 | G24: =F24-$F$17 -> 0
A25: 2025.11.27 | B25: 0 | C25: =B25-$B$17 -> 0 | E25: =A25 -> 2025.11.27 | F25: 0 | G25: =F25-$F$17 -> 0
A26: 2025.12.01 | B26: 0 | C26: =B26-$B$17 -> 0 | E26: =A26 -> 2025.12.01 | F26: 0 | G26: =F26-$F$17 -> 0
A27: 2025.12.04 | B27: 0 | C27: =B27-$B$17 -> 0 | E27: =A27 -> 2025.12.04 | F27: 0 | G27: =F27-$F$17 -> 0

Sheet C-8
A1: 균 열 측 정 계 DATA | J1: CK-8(상하변위)
A3: ■ 계측관리업체(Contract) : ㈜지오테크이앤씨 | J3: CK-8(좌우변위)
A4: ='C-1'!A4 -> ■ 현장명(Site) :용산구 한남동 383일대 근린생활시설 신축공사
A5: ■ 설치위치(No.) : CK-8 건물 외벽(도면 위치 참조)
A6: ■ 계기종류(Type) : Multi Crack Gauge
A7: ■ 공식(Formula) : 변위량(mm) = 금회 측정치 - 초기 측정치 | F7: (+) : 상, 우방향 (-) : 하, 좌방향
A16: Date | B16: 측정치(mm)(상/하) | C16: 변위량(mm) | D16: 비 고 | E16: Date | F16: 측정치(mm)(좌/우) | G16: 변위량(mm) | H16: 비 고
A17: 2025.10.30 | B17: 0 | C17: =B17-$B$17 -> 0 | D17: 초기치 | E17: =A17 -> 2025.10.30 | F17: 0 | G17: =F17-$F$17 -> 0 | H17: 초기치
A18: 2025.11.03 | B18: 0 | C18: =B18-$B$17 -> 0 | E18: =A18 -> 2025.11.03 | F18: 0 | G18: =F18-$F$17 -> 0
A19: 2025.11.06 | B19: 0 | C19: =B19-$B$17 -> 0 | E19: =A19 -> 2025.11.06 | F19: 0 | G19: =F19-$F$17 -> 0
A20: 2025.11.10 | B20: 0 | C20: =B20-$B$17 -> 0 | E20: =A20 -> 2025.11.10 | F20: 0 | G20: =F20-$F$17 -> 0
A21: 2025.11.13 | B21: 0 | C21: =B21-$B$17 -> 0 | E21: =A21 -> 2025.11.13 | F21: 0 | G21: =F21-$F$17 -> 0
A22: 2025.11.17 | B22: 0 | C22: =B22-$B$17 -> 0 | E22: =A22 -> 2025.11.17 | F22: 0 | G22: =F22-$F$17 -> 0
A23: 2025.11.20 | B23: 0 | C23: =B23-$B$17 -> 0 | E23: =A23 -> 2025.11.20 | F23: 0 | G23: =F23-$F$17 -> 0
A24: 2025.11.24 | B24: 0 | C24: =B24-$B$17 -> 0 | E24: =A24 -> 2025.11.24 | F24: 0 | G24: =F24-$F$17 -> 0
A25: 2025.11.27 | B25: 0 | C25: =B25-$B$17 -> 0 | E25: =A25 -> 2025.11.27 | F25: 0 | G25: =F25-$F$17 -> 0
A26: 2025.12.01 | B26: 0 | C26: =B26-$B$17 -> 0 | E26: =A26 -> 2025.12.01 | F26: 0 | G26: =F26-$F$17 -> 0
A27: 2025.12.04 | B27: 0 | C27: =B27-$B$17 -> 0 | E27: =A27 -> 2025.12.04 | F27: 0 | G27: =F27-$F$17 -> 0

Sheet C-9
A1: 균 열 측 정 계 DATA | J1: CK-9(상하변위)
A3: ■ 계측관리업체(Contract) : ㈜지오테크이앤씨 | J3: CK-9(좌우변위)
A4: ='C-1'!A4 -> ■ 현장명(Site) :용산구 한남동 383일대 근린생활시설 신축공사
A5: ■ 설치위치(No.) : CK-9 건물 외벽(도면 위치 참조)
A6: ■ 계기종류(Type) : Multi Crack Gauge
A7: ■ 공식(Formula) : 변위량(mm) = 금회 측정치 - 초기 측정치 | F7: (+) : 상, 우방향 (-) : 하, 좌방향
A16: Date | B16: 측정치(mm)(상/하) | C16: 변위량(mm) | D16: 비 고 | E16: Date | F16: 측정치(mm)(좌/우) | G16: 변위량(mm) | H16: 비 고
A17: 2025.10.30 | B17: 0 | C17: =B17-$B$17 -> 0 | D17: 초기치 | E17: =A17 -> 2025.10.30 | F17: 0 | G17: =F17-$F$17 -> 0 | H17: 초기치
A18: 2025.11.03 | B18: 0 | C18: =B18-$B$17 -> 0 | E18: =A18 -> 2025.11.03 | F18: 0 | G18: =F18-$F$17 -> 0
A19: 2025.11.06 | B19: 0 | C19: =B19-$B$17 -> 0 | E19: =A19 -> 2025.11.06 | F19: 0 | G19: =F19-$F$17 -> 0
A20: 2025.11.10 | B20: 0 | C20: =B20-$B$17 -> 0 | E20: =A20 -> 2025.11.10 | F20: 0 | G20: =F20-$F$17 -> 0
A21: 2025.11.13 | B21: 0 | C21: =B21-$B$17 -> 0 | E21: =A21 -> 2025.11.13 | F21: 0 | G21: =F21-$F$17 -> 0
A22: 2025.11.17 | B22: 0 | C22: =B22-$B$17 -> 0 | E22: =A22 -> 2025.11.17 | F22: 0 | G22: =F22-$F$17 -> 0
A23: 2025.11.20 | B23: 0 | C23: =B23-$B$17 -> 0 | E23: =A23 -> 2025.11.20 | F23: 0 | G23: =F23-$F$17 -> 0
A24: 2025.11.24 | B24: 0 | C24: =B24-$B$17 -> 0 | E24: =A24 -> 2025.11.24 | F24: 0 | G24: =F24-$F$17 -> 0
A25: 2025.11.27 | B25: 0 | C25: =B25-$B$17 -> 0 | E25: =A25 -> 2025.11.27 | F25: 0 | G25: =F25-$F$17 -> 0
A26: 2025.12.01 | B26: 0 | C26: =B26-$B$17 -> 0 | E26: =A26 -> 2025.12.01 | F26: 0 | G26: =F26-$F$17 -> 0
A27: 2025.12.04 | B27: 0 | C27: =B27-$B$17 -> 0 | E27: =A27 -> 2025.12.04 | F27: 0 | G27: =F27-$F$17 -> 0

Sheet C-10
A1: 균 열 측 정 계 DATA | J1: CK-10(상하변위)
A3: ■ 계측관리업체(Contract) : ㈜지오테크이앤씨 | J3: CK-10(좌우변위)
A4: ='C-1'!A4 -> ■ 현장명(Site) :용산구 한남동 383일대 근린생활시설 신축공사
A5: ■ 설치위치(No.) : CK-10 건물 외벽(도면 위치 참조)
A6: ■ 계기종류(Type) : Multi Crack Gauge
A7: ■ 공식(Formula) : 변위량(mm) = 금회 측정치 - 초기 측정치 | F7: (+) : 상, 우방향 (-) : 하, 좌방향
A16: Date | B16: 측정치(mm)(상/하) | C16: 변위량(mm) | D16: 비 고 | E16: Date | F16: 측정치(mm)(좌/우) | G16: 변위량(mm) | H16: 비 고
A17: 2025.10.30 | B17: 0 | C17: =B17-$B$17 -> 0 | D17: 초기치 | E17: =A17 -> 2025.10.30 | F17: 0 | G17: =F17-$F$17 -> 0 | H17: 초기치
A18: 2025.11.03 | B18: 0 | C18: =B18-$B$17 -> 0 | E18: =A18 -> 2025.11.03 | F18: 0 | G18: =F18-$F$17 -> 0
A19: 2025.11.06 | B19: 0 | C19: =B19-$B$17 -> 0 | E19: =A19 -> 2025.11.06 | F19: 0 | G19: =F19-$F$17 -> 0
A20: 2025.11.10 | B20: 0 | C20: =B20-$B$17 -> 0 | E20: =A20 -> 2025.11.10 | F20: 0 | G20: =F20-$F$17 -> 0
A21: 2025.11.13 | B21: 0 | C21: =B21-$B$17 -> 0 | E21: =A21 -> 2025.11.13 | F21: 0 | G21: =F21-$F$17 -> 0
A22: 2025.11.17 | B22: 0 | C22: =B22-$B$17 -> 0 | E22: =A22 -> 2025.11.17 | F22: 0 | G22: =F22-$F$17 -> 0
A23: 2025.11.20 | B23: 0 | C23: =B23-$B$17 -> 0 | E23: =A23 -> 2025.11.20 | F23: 0 | G23: =F23-$F$17 -> 0
A24: 2025.11.24 | B24: 0 | C24: =B24-$B$17 -> 0 | E24: =A24 -> 2025.11.24 | F24: 0 | G24: =F24-$F$17 -> 0
A25: 2025.11.27 | B25: 0 | C25: =B25-$B$17 -> 0 | E25: =A25 -> 2025.11.27 | F25: 0 | G25: =F25-$F$17 -> 0
A26: 2025.12.01 | B26: 0 | C26: =B26-$B$17 -> 0 | E26: =A26 -> 2025.12.01 | F26: 0 | G26: =F26-$F$17 -> 0
A27: 2025.12.04 | B27: 0 | C27: =B27-$B$17 -> 0 | E27: =A27 -> 2025.12.04 | F27: 0 | G27: =F27-$F$17 -> 0

Sheet C-11
A1: 균 열 측 정 계 DATA | J1: CK-11(상하변위)
A3: ■ 계측관리업체(Contract) : ㈜지오테크이앤씨 | J3: CK-11(좌우변위)
A4: ='C-1'!A4 -> ■ 현장명(Site) :용산구 한남동 383일대 근린생활시설 신축공사
A5: ■ 설치위치(No.) : CK-11 건물 외벽(도면 위치 참조)
A6: ■ 계기종류(Type) : Multi Crack Gauge
A7: ■ 공식(Formula) : 변위량(mm) = 금회 측정치 - 초기 측정치 | F7: (+) : 상, 우방향 (-) : 하, 좌방향
A16: Date | B16: 측정치(mm)(상/하) | C16: 변위량(mm) | D16: 비 고 | E16: Date | F16: 측정치(mm)(좌/우) | G16: 변위량(mm) | H16: 비 고
A17: 2025.10.30 | B17: 0 | C17: =B17-$B$17 -> 0 | D17: 초기치 | E17: =A17 -> 2025.10.30 | F17: 0 | G17: =F17-$F$17 -> 0 | H17: 초기치
A18: 2025.11.03 | B18: 0 | C18: =B18-$B$17 -> 0 | E18: =A18 -> 2025.11.03 | F18: 0 | G18: =F18-$F$17 -> 0
A19: 2025.11.06 | B19: 0 | C19: =B19-$B$17 -> 0 | E19: =A19 -> 2025.11.06 | F19: 0 | G19: =F19-$F$17 -> 0
A20: 2025.11.10 | B20: 0 | C20: =B20-$B$17 -> 0 | E20: =A20 -> 2025.11.10 | F20: 0 | G20: =F20-$F$17 -> 0
A21: 2025.11.13 | B21: 0 | C21: =B21-$B$17 -> 0 | E21: =A21 -> 2025.11.13 | F21: 0 | G21: =F21-$F$17 -> 0
A22: 2025.11.17 | B22: 0 | C22: =B22-$B$17 -> 0 | E22: =A22 -> 2025.11.17 | F22: 0 | G22: =F22-$F$17 -> 0
A23: 2025.11.20 | B23: 0 | C23: =B23-$B$17 -> 0 | E23: =A23 -> 2025.11.20 | F23: 0 | G23: =F23-$F$17 -> 0
A24: 2025.11.24 | B24: 0 | C24: =B24-$B$17 -> 0 | E24: =A24 -> 2025.11.24 | F24: 0 | G24: =F24-$F$17 -> 0
A25: 2025.11.27 | B25: 0 | C25: =B25-$B$17 -> 0 | E25: =A25 -> 2025.11.27 | F25: 0 | G25: =F25-$F$17 -> 0
A26: 2025.12.01 | B26: 0 | C26: =B26-$B$17 -> 0 | E26: =A26 -> 2025.12.01 | F26: 0 | G26: =F26-$F$17 -> 0
A27: 2025.12.04 | B27: 0 | C27: =B27-$B$17 -> 0 | E27: =A27 -> 2025.12.04 | F27: 0 | G27: =F27-$F$17 -> 0

Sheet C-12
A1: 균 열 측 정 계 DATA | J1: CK-12(상하변위)
A3: ■ 계측관리업체(Contract) : ㈜지오테크이앤씨 | J3: CK-12(좌우변위)
A4: ='C-1'!A4 -> ■ 현장명(Site) :용산구 한남동 383일대 근린생활시설 신축공사
A5: ■ 설치위치(No.) : CK-12 건물 외벽(도면 위치 참조)
A6: ■ 계기종류(Type) : Multi Crack Gauge
A7: ■ 공식(Formula) : 변위량(mm) = 금회 측정치 - 초기 측정치 | F7: (+) : 상, 우방향 (-) : 하, 좌방향
A16: Date | B16: 측정치(mm)(상/하) | C16: 변위량(mm) | D16: 비 고 | E16: Date | F16: 측정치(mm)(좌/우) | G16: 변위량(mm) | H16: 비 고
A17: 2025.10.30 | B17: 0 | C17: =B17-$B$17 -> 0 | D17: 초기치 | E17: =A17 -> 2025.10.30 | F17: 0 | G17: =F17-$F$17 -> 0 | H17: 초기치
A18: 2025.11.03 | B18: 0 | C18: =B18-$B$17 -> 0 | E18: =A18 -> 2025.11.03 | F18: 0 | G18: =F18-$F$17 -> 0
A19: 2025.11.06 | B19: 0 | C19: =B19-$B$17 -> 0 | E19: =A19 -> 2025.11.06 | F19: 0 | G19: =F19-$F$17 -> 0
A20: 2025.11.10 | B20: 0 | C20: =B20-$B$17 -> 0 | E20: =A20 -> 2025.11.10 | F20: 0 | G20: =F20-$F$17 -> 0
A21: 2025.11.13 | B21: 0 | C21: =B21-$B$17 -> 0 | E21: =A21 -> 2025.11.13 | F21: 0 | G21: =F21-$F$17 -> 0
A22: 2025.11.17 | B22: 0 | C22: =B22-$B$17 -> 0 | E22: =A22 -> 2025.11.17 | F22: 0 | G22: =F22-$F$17 -> 0
A23: 2025.11.20 | B23: 0 | C23: =B23-$B$17 -> 0 | E23: =A23 -> 2025.11.20 | F23: 0 | G23: =F23-$F$17 -> 0
A24: 2025.11.24 | B24: 0 | C24: =B24-$B$17 -> 0 | E24: =A24 -> 2025.11.24 | F24: 0 | G24: =F24-$F$17 -> 0
A25: 2025.11.27 | B25: 0 | C25: =B25-$B$17 -> 0 | E25: =A25 -> 2025.11.27 | F25: 0 | G25: =F25-$F$17 -> 0
A26: 2025.12.01 | B26: 0 | C26: =B26-$B$17 -> 0 | E26: =A26 -> 2025.12.01 | F26: 0 | G26: =F26-$F$17 -> 0
A27: 2025.12.04 | B27: 0 | C27: =B27-$B$17 -> 0 | E27: =A27 -> 2025.12.04 | F27: 0 | G27: =F27-$F$17 -> 0

Sheet C-13
A1: 균 열 측 정 계 DATA | J1: CK-13(상하변위)
A3: ■ 계측관리업체(Contract) : ㈜지오테크이앤씨 | J3: CK-13(좌우변위)
A4: ='C-1'!A4 -> ■ 현장명(Site) :용산구 한남동 383일대 근린생활시설 신축공사
A5: ■ 설치위치(No.) : CK-13 건물 외벽(도면 위치 참조)
A6: ■ 계기종류(Type) : Multi Crack Gauge
A7: ■ 공식(Formula) : 변위량(mm) = 금회 측정치 - 초기 측정치 | F7: (+) : 상, 우방향 (-) : 하, 좌방향
A16: Date | B16: 측정치(mm)(상/하) | C16: 변위량(mm) | D16: 비 고 | E16: Date | F16: 측정치(mm)(좌/우) | G16: 변위량(mm) | H16: 비 고
A17: 2025.10.30 | B17: 0 | C17: =B17-$B$17 -> 0 | D17: 초기치 | E17: =A17 -> 2025.10.30 | F17: 0 | G17: =F17-$F$17 -> 0 | H17: 초기치
A18: 2025.11.03 | B18: 0 | C18: =B18-$B$17 -> 0 | E18: =A18 -> 2025.11.03 | F18: 0 | G18: =F18-$F$17 -> 0
A19: 2025.11.06 | B19: 0 | C19: =B19-$B$17 -> 0 | E19: =A19 -> 2025.11.06 | F19: 0 | G19: =F19-$F$17 -> 0
A20: 2025.11.10 | B20: 0 | C20: =B20-$B$17 -> 0 | E20: =A20 -> 2025.11.10 | F20: 0 | G20: =F20-$F$17 -> 0
A21: 2025.11.13 | B21: 0 | C21: =B21-$B$17 -> 0 | E21: =A21 -> 2025.11.13 | F21: 0 | G21: =F21-$F$17 -> 0
A22: 2025.11.17 | B22: 0 | C22: =B22-$B$17 -> 0 | E22: =A22 -> 2025.11.17 | F22: 0 | G22: =F22-$F$17 -> 0
A23: 2025.11.20 | B23: 0 | C23: =B23-$B$17 -> 0 | E23: =A23 -> 2025.11.20 | F23: 0 | G23: =F23-$F$17 -> 0
A24: 2025.11.24 | B24: 0 | C24: =B24-$B$17 -> 0 | E24: =A24 -> 2025.11.24 | F24: 0 | G24: =F24-$F$17 -> 0
A25: 2025.11.27 | B25: 0 | C25: =B25-$B$17 -> 0 | E25: =A25 -> 2025.11.27 | F25: 0 | G25: =F25-$F$17 -> 0
A26: 2025.12.01 | B26: 0 | C26: =B26-$B$17 -> 0 | E26: =A26 -> 2025.12.01 | F26: 0 | G26: =F26-$F$17 -> 0
A27: 2025.12.04 | B27: 0 | C27: =B27-$B$17 -> 0 | E27: =A27 -> 2025.12.04 | F27: 0 | G27: =F27-$F$17 -> 0

Sheet C-14
A1: 균 열 측 정 계 DATA | J1: CK-14(상하변위)
A3: ■ 계측관리업체(Contract) : ㈜지오테크이앤씨 | J3: CK-14(좌우변위)
A4: ='C-1'!A4 -> ■ 현장명(Site) :용산구 한남동 383일대 근린생활시설 신축공사
A5: ■ 설치위치(No.) : CK-14 건물 외벽(도면 위치 참조)
A6: ■ 계기종류(Type) : Multi Crack Gauge
A7: ■ 공식(Formula) : 변위량(mm) = 금회 측정치 - 초기 측정치 | F7: (+) : 상, 우방향 (-) : 하, 좌방향
A16: Date | B16: 측정치(mm)(상/하) | C16: 변위량(mm) | D16: 비 고 | E16: Date | F16: 측정치(mm)(좌/우) | G16: 변위량(mm) | H16: 비 고
A17: 2025.10.30 | B17: 0 | C17: =B17-$B$17 -> 0 | D17: 초기치 | E17: =A17 -> 2025.10.30 | F17: 0 | G17: =F17-$F$17 -> 0 | H17: 초기치
A18: 2025.11.03 | B18: 0 | C18: =B18-$B$17 -> 0 | E18: =A18 -> 2025.11.03 | F18: 0 | G18: =F18-$F$17 -> 0
A19: 2025.11.06 | B19: 0 | C19: =B19-$B$17 -> 0 | E19: =A19 -> 2025.11.06 | F19: 0 | G19: =F19-$F$17 -> 0
A20: 2025.11.10 | B20: 0 | C20: =B20-$B$17 -> 0 | E20: =A20 -> 2025.11.10 | F20: 0 | G20: =F20-$F$17 -> 0
A21: 2025.11.13 | B21: 0 | C21: =B21-$B$17 -> 0 | E21: =A21 -> 2025.11.13 | F21: 0 | G21: =F21-$F$17 -> 0
A22: 2025.11.17 | B22: 0 | C22: =B22-$B$17 -> 0 | E22: =A22 -> 2025.11.17 | F22: 0 | G22: =F22-$F$17 -> 0
A23: 2025.11.20 | B23: 0 | C23: =B23-$B$17 -> 0 | E23: =A23 -> 2025.11.20 | F23: 0 | G23: =F23-$F$17 -> 0
A24: 2025.11.24 | B24: 0 | C24: =B24-$B$17 -> 0 | E24: =A24 -> 2025.11.24 | F24: 0 | G24: =F24-$F$17 -> 0
A25: 2025.11.27 | B25: 0 | C25: =B25-$B$17 -> 0 | E25: =A25 -> 2025.11.27 | F25: 0 | G25: =F25-$F$17 -> 0
A26: 2025.12.01 | B26: 0 | C26: =B26-$B$17 -> 0 | E26: =A26 -> 2025.12.01 | F26: 0 | G26: =F26-$F$17 -> 0
A27: 2025.12.04 | B27: 0 | C27: =B27-$B$17 -> 0 | E27: =A27 -> 2025.12.04 | F27: 0 | G27: =F27-$F$17 -> 0

Sheet C-15
A1: 균 열 측 정 계 DATA | J1: CK-15(상하변위)
A3: ■ 계측관리업체(Contract) : ㈜지오테크이앤씨 | J3: CK-15(좌우변위)
A4: ='C-1'!A4 -> ■ 현장명(Site) :용산구 한남동 383일대 근린생활시설 신축공사
A5: ■ 설치위치(No.) : CK-15 건물 외벽(도면 위치 참조)
A6: ■ 계기종류(Type) : Multi Crack Gauge
A7: ■ 공식(Formula) : 변위량(mm) = 금회 측정치 - 초기 측정치 | F7: (+) : 상, 우방향 (-) : 하, 좌방향
A16: Date | B16: 측정치(mm)(상/하) | C16: 변위량(mm) | D16: 비 고 | E16: Date | F16: 측정치(mm)(좌/우) | G16: 변위량(mm) | H16: 비 고
A17: 2025.10.30 | B17: 0 | C17: =B17-$B$17 -> 0 | D17: 초기치 | E17: =A17 -> 2025.10.30 | F17: 0 | G17: =F17-$F$17 -> 0 | H17: 초기치
A18: 2025.11.03 | B18: 0 | C18: =B18-$B$17 -> 0 | E18: =A18 -> 2025.11.03 | F18: 0 | G18: =F18-$F$17 -> 0
A19: 2025.11.06 | B19: 0 | C19: =B19-$B$17 -> 0 | E19: =A19 -> 2025.11.06 | F19: 0 | G19: =F19-$F$17 -> 0
A20: 2025.11.10 | B20: 0 | C20: =B20-$B$17 -> 0 | E20: =A20 -> 2025.11.10 | F20: 0 | G20: =F20-$F$17 -> 0
A21: 2025.11.13 | B21: 0 | C21: =B21-$B$17 -> 0 | E21: =A21 -> 2025.11.13 | F21: 0 | G21: =F21-$F$17 -> 0
A22: 2025.11.17 | B22: 0 | C22: =B22-$B$17 -> 0 | E22: =A22 -> 2025.11.17 | F22: 0 | G22: =F22-$F$17 -> 0
A23: 2025.11.20 | B23: 0 | C23: =B23-$B$17 -> 0 | E23: =A23 -> 2025.11.20 | F23: 0 | G23: =F23-$F$17 -> 0
A24: 2025.11.24 | B24: 0 | C24: =B24-$B$17 -> 0 | E24: =A24 -> 2025.11.24 | F24: 0 | G24: =F24-$F$17 -> 0
A25: 2025.11.27 | B25: 0 | C25: =B25-$B$17 -> 0 | E25: =A25 -> 2025.11.27 | F25: 0 | G25: =F25-$F$17 -> 0
A26: 2025.12.01 | B26: 0 | C26: =B26-$B$17 -> 0 | E26: =A26 -> 2025.12.01 | F26: 0 | G26: =F26-$F$17 -> 0
A27: 2025.12.04 | B27: 0 | C27: =B27-$B$17 -> 0 | E27: =A27 -> 2025.12.04 | F27: 0 | G27: =F27-$F$17 -> 0

Sheet C-16
A1: 균 열 측 정 계 DATA | J1: CK-16(상하변위)
A3: ■ 계측관리업체(Contract) : ㈜지오테크이앤씨 | J3: CK-16(좌우변위)
A4: ='C-1'!A4 -> ■ 현장명(Site) :용산구 한남동 383일대 근린생활시설 신축공사
A5: ■ 설치위치(No.) : CK-16 건물 외벽(도면 위치 참조)
A6: ■ 계기종류(Type) : Multi Crack Gauge
A7: ■ 공식(Formula) : 변위량(mm) = 금회 측정치 - 초기 측정치 | F7: (+) : 상, 우방향 (-) : 하, 좌방향
A16: Date | B16: 측정치(mm)(상/하) | C16: 변위량(mm) | D16: 비 고 | E16: Date | F16: 측정치(mm)(좌/우) | G16: 변위량(mm) | H16: 비 고
A17: 2025.10.30 | B17: 0 | C17: =B17-$B$17 -> 0 | D17: 초기치 | E17: =A17 -> 2025.10.30 | F17: 0 | G17: =F17-$F$17 -> 0 | H17: 초기치
A18: 2025.11.03 | B18: 0 | C18: =B18-$B$17 -> 0 | E18: =A18 -> 2025.11.03 | F18: 0 | G18: =F18-$F$17 -> 0
A19: 2025.11.06 | B19: 0 | C19: =B19-$B$17 -> 0 | E19: =A19 -> 2025.11.06 | F19: 0 | G19: =F19-$F$17 -> 0
A20: 2025.11.10 | B20: 0 | C20: =B20-$B$17 -> 0 | E20: =A20 -> 2025.11.10 | F20: 0 | G20: =F20-$F$17 -> 0
A21: 2025.11.13 | B21: 0 | C21: =B21-$B$17 -> 0 | E21: =A21 -> 2025.11.13 | F21: 0 | G21: =F21-$F$17 -> 0
A22: 2025.11.17 | B22: 0 | C22: =B22-$B$17 -> 0 | E22: =A22 -> 2025.11.17 | F22: 0 | G22: =F22-$F$17 -> 0
A23: 2025.11.20 | B23: 0 | C23: =B23-$B$17 -> 0 | E23: =A23 -> 2025.11.20 | F23: 0 | G23: =F23-$F$17 -> 0
A24: 2025.11.24 | B24: 0 | C24: =B24-$B$17 -> 0 | E24: =A24 -> 2025.11.24 | F24: 0 | G24: =F24-$F$17 -> 0
A25: 2025.11.27 | B25: 0 | C25: =B25-$B$17 -> 0 | E25: =A25 -> 2025.11.27 | F25: 0 | G25: =F25-$F$17 -> 0
A26: 2025.12.01 | B26: 0 | C26: =B26-$B$17 -> 0 | E26: =A26 -> 2025.12.01 | F26: 0 | G26: =F26-$F$17 -> 0
A27: 2025.12.04 | B27: 0 | C27: =B27-$B$17 -> 0 | E27: =A27 -> 2025.12.04 | F27: 0 | G27: =F27-$F$17 -> 0

Sheet C-17
A1: 균 열 측 정 계 DATA | J1: CK-17(상하변위)
A3: ■ 계측관리업체(Contract) : ㈜지오테크이앤씨 | J3: CK-17(좌우변위)
A4: ='C-1'!A4 -> ■ 현장명(Site) :용산구 한남동 383일대 근린생활시설 신축공사
A5: ■ 설치위치(No.) : CK-17 건물 외벽(도면 위치 참조)
A6: ■ 계기종류(Type) : Multi Crack Gauge
A7: ■ 공식(Formula) : 변위량(mm) = 금회 측정치 - 초기 측정치 | F7: (+) : 상, 우방향 (-) : 하, 좌방향
A16: Date | B16: 측정치(mm)(상/하) | C16: 변위량(mm) | D16: 비 고 | E16: Date | F16: 측정치(mm)(좌/우) | G16: 변위량(mm) | H16: 비 고
A17: 2025.10.30 | B17: 0 | C17: =B17-$B$17 -> 0 | D17: 초기치 | E17: =A17 -> 2025.10.30 | F17: 0 | G17: =F17-$F$17 -> 0 | H17: 초기치
A18: 2025.11.03 | B18: 0 | C18: =B18-$B$17 -> 0 | E18: =A18 -> 2025.11.03 | F18: 0 | G18: =F18-$F$17 -> 0
A19: 2025.11.06 | B19: 0 | C19: =B19-$B$17 -> 0 | E19: =A19 -> 2025.11.06 | F19: 0 | G19: =F19-$F$17 -> 0
A20: 2025.11.10 | B20: 0 | C20: =B20-$B$17 -> 0 | E20: =A20 -> 2025.11.10 | F20: 0 | G20: =F20-$F$17 -> 0
A21: 2025.11.13 | B21: 0 | C21: =B21-$B$17 -> 0 | E21: =A21 -> 2025.11.13 | F21: 0 | G21: =F21-$F$17 -> 0
A22: 2025.11.17 | B22: 0 | C22: =B22-$B$17 -> 0 | E22: =A22 -> 2025.11.17 | F22: 0 | G22: =F22-$F$17 -> 0
A23: 2025.11.20 | B23: 0 | C23: =B23-$B$17 -> 0 | E23: =A23 -> 2025.11.20 | F23: 0 | G23: =F23-$F$17 -> 0
A24: 2025.11.24 | B24: 0 | C24: =B24-$B$17 -> 0 | E24: =A24 -> 2025.11.24 | F24: 0 | G24: =F24-$F$17 -> 0
A25: 2025.11.27 | B25: 0 | C25: =B25-$B$17 -> 0 | E25: =A25 -> 2025.11.27 | F25: 0 | G25: =F25-$F$17 -> 0
A26: 2025.12.01 | B26: 0 | C26: =B26-$B$17 -> 0 | E26: =A26 -> 2025.12.01 | F26: 0 | G26: =F26-$F$17 -> 0
A27: 2025.12.04 | B27: 0 | C27: =B27-$B$17 -> 0 | E27: =A27 -> 2025.12.04 | F27: 0 | G27: =F27-$F$17 -> 0

Sheet C-18
A1: 균 열 측 정 계 DATA | J1: CK-18(상하변위)
A3: ■ 계측관리업체(Contract) : ㈜지오테크이앤씨 | J3: CK-18(좌우변위)
A4: ='C-1'!A4 -> ■ 현장명(Site) :용산구 한남동 383일대 근린생활시설 신축공사
A5: ■ 설치위치(No.) : CK-18 건물 외벽(도면 위치 참조)
A6: ■ 계기종류(Type) : Multi Crack Gauge
A7: ■ 공식(Formula) : 변위량(mm) = 금회 측정치 - 초기 측정치 | F7: (+) : 상, 우방향 (-) : 하, 좌방향
A16: Date | B16: 측정치(mm)(상/하) | C16: 변위량(mm) | D16: 비 고 | E16: Date | F16: 측정치(mm)(좌/우) | G16: 변위량(mm) | H16: 비 고
A17: 2025.10.30 | B17: 0 | C17: =B17-$B$17 -> 0 | D17: 초기치 | E17: =A17 -> 2025.10.30 | F17: 0 | G17: =F17-$F$17 -> 0 | H17: 초기치
A18: 2025.11.03 | B18: 0 | C18: =B18-$B$17 -> 0 | E18: =A18 -> 2025.11.03 | F18: 0 | G18: =F18-$F$17 -> 0
A19: 2025.11.06 | B19: 0 | C19: =B19-$B$17 -> 0 | E19: =A19 -> 2025.11.06 | F19: 0 | G19: =F19-$F$17 -> 0
A20: 2025.11.10 | B20: 0 | C20: =B20-$B$17 -> 0 | E20: =A20 -> 2025.11.10 | F20: 0 | G20: =F20-$F$17 -> 0
A21: 2025.11.13 | B21: 0 | C21: =B21-$B$17 -> 0 | E21: =A21 -> 2025.11.13 | F21: 0 | G21: =F21-$F$17 -> 0
A22: 2025.11.17 | B22: 0 | C22: =B22-$B$17 -> 0 | E22: =A22 -> 2025.11.17 | F22: 0 | G22: =F22-$F$17 -> 0
A23: 2025.11.20 | B23: 0 | C23: =B23-$B$17 -> 0 | E23: =A23 -> 2025.11.20 | F23: 0 | G23: =F23-$F$17 -> 0
A24: 2025.11.24 | B24: 0 | C24: =B24-$B$17 -> 0 | E24: =A24 -> 2025.11.24 | F24: 0 | G24: =F24-$F$17 -> 0
A25: 2025.11.27 | B25: 0 | C25: =B25-$B$17 -> 0 | E25: =A25 -> 2025.11.27 | F25: 0 | G25: =F25-$F$17 -> 0
A26: 2025.12.01 | B26: 0 | C26: =B26-$B$17 -> 0 | E26: =A26 -> 2025.12.01 | F26: 0 | G26: =F26-$F$17 -> 0
A27: 2025.12.04 | B27: 0 | C27: =B27-$B$17 -> 0 | E27: =A27 -> 2025.12.04 | F27: 0 | G27: =F27-$F$17 -> 0
